Tx1Rx1;Tx1Rx2;Tx1Rx3;Tx1Rx4;Tx1Rx5;Tx1Rx6;Tx1Rx7;Tx1Rx8;Tx2Rx1;Tx2Rx2;Tx2Rx3;Tx2Rx4;Tx2Rx5;Tx2Rx6;Tx2Rx7;Tx2Rx8;Tx3Rx1;Tx3Rx2;Tx3Rx3;Tx3Rx4;Tx3Rx5;Tx3Rx6;Tx3Rx7;Tx3Rx8;Tx4Rx1;Tx4Rx2;Tx4Rx3;Tx4Rx4;Tx4Rx5;Tx4Rx6;Tx4Rx7;Tx4Rx8
24;0;9;12;-1;-8;13;7;19;2;6;15;-4;-1;10;9;18;3;6;14;-4;0;13;14;17;2;6;14;-7;-2;12;11
24;1;8;11;-2;-7;13;6;20;2;6;14;-4;-2;10;10;18;2;6;13;-4;0;14;14;18;3;7;13;-7;-1;11;11
25;-1;8;12;-1;-8;12;5;21;2;6;14;-4;-2;10;10;18;3;5;13;-4;0;12;13;17;3;7;13;-7;1;11;11
25;0;9;12;-1;-8;11;5;22;3;6;16;-4;-3;11;10;17;3;6;14;-4;0;13;13;17;2;6;14;-7;0;12;11
24;0;9;12;-1;-8;10;4;20;2;7;14;-4;-2;12;9;17;3;5;13;-5;0;13;13;17;3;7;14;-7;-1;11;12
25;0;8;12;-1;-8;11;5;20;2;7;15;-5;-3;12;9;18;2;6;13;-5;1;13;13;17;3;7;13;-6;0;11;12
24;0;8;12;-1;-8;12;6;20;3;5;15;-3;-2;11;9;18;2;5;13;-4;1;13;12;17;3;6;13;-7;-1;11;11
23;0;8;13;0;-7;13;6;20;3;5;14;-3;-2;11;9;18;2;5;13;-4;1;14;13;18;3;5;13;-7;-1;12;11
23;0;8;12;-1;-8;12;8;20;1;6;14;-3;-2;11;9;18;2;6;12;-3;0;13;13;18;2;6;13;-6;-1;12;12
23;0;8;12;-1;-7;12;7;20;2;7;14;-4;-1;12;9;18;4;6;13;-5;0;14;13;18;3;7;12;-7;0;12;11
23;1;8;12;-1;-9;12;6;20;2;7;15;-4;-1;11;10;18;3;5;12;-4;0;13;13;18;3;5;13;-7;0;12;11
24;-1;9;13;-1;-8;10;5;20;2;6;15;-3;-1;11;10;19;2;4;13;-5;0;13;12;18;2;5;13;-7;0;11;12
25;-2;8;13;-1;-9;8;3;21;2;6;15;-4;-1;9;9;19;2;5;13;-5;0;14;10;18;2;5;14;-7;-1;11;11
27;-4;8;13;-1;-9;5;-1;21;0;7;15;-5;-1;8;7;21;-1;3;13;-3;-1;15;9;19;1;4;14;-6;-2;12;11
30;-9;9;15;0;-10;-1;-6;22;-1;5;13;-8;-2;8;6;25;-3;0;15;-1;-3;18;7;19;0;3;16;-5;-2;12;10
35;-13;9;13;0;-14;-6;-12;21;-1;2;11;-11;0;6;9;28;-3;-1;16;0;-6;21;6;19;-1;4;14;-6;-3;12;7
38;-14;7;9;-3;-19;-14;-17;20;-1;-2;15;-14;4;-1;12;30;-5;-2;16;2;-5;25;5;22;0;3;12;-10;-3;13;5
39;-13;5;8;-6;-19;-25;-23;22;-3;-1;19;-12;9;-7;9;36;-9;-2;18;2;-8;26;3;22;0;1;11;-16;-4;18;3
38;-12;5;8;-9;-17;-37;-33;24;-10;2;21;-10;10;-10;8;44;-13;-1;18;2;-11;27;3;24;-2;-2;13;-17;-9;25;3
42;-11;3;4;-9;-22;-48;-43;28;-15;3;23;-10;8;-15;12;48;-16;-7;14;1;-12;30;0;28;-6;-5;14;-16;-18;29;7
47;-14;-2;3;-11;-29;-62;-52;30;-18;2;27;-9;5;-21;14;51;-18;-14;15;2;-14;33;-4;30;-8;-10;15;-16;-22;28;7
49;-19;-4;2;-13;-31;-72;-58;30;-18;0;28;-4;1;-27;13;57;-22;-15;18;7;-20;39;-4;31;-8;-10;15;-19;-22;28;4
51;-19;-4;-5;-14;-34;-81;-67;30;-19;1;28;-3;-1;-34;10;64;-28;-12;19;11;-22;41;-2;32;-9;-11;13;-23;-22;33;1
55;-17;-5;-10;-19;-33;-93;-80;32;-27;3;31;-2;1;-38;3;72;-33;-14;18;13;-23;41;-6;34;-14;-14;14;-27;-28;39;3
57;-17;-9;-10;-25;-34;-102;-92;37;-30;3;28;1;-2;-39;4;77;-34;-20;15;15;-24;42;-10;38;-17;-17;18;-26;-36;43;8
60;-19;-13;-12;-27;-40;-106;-100;39;-30;1;30;1;-2;-44;6;78;-33;-25;15;16;-25;44;-15;41;-16;-20;18;-23;-43;45;9
62;-22;-15;-14;-28;-45;-117;-106;39;-30;0;33;3;-2;-50;2;82;-39;-27;14;20;-28;47;-16;44;-16;-21;16;-25;-38;44;4
63;-21;-17;-19;-30;-44;-128;-115;39;-30;-1;30;3;-3;-52;-4;88;-44;-27;13;22;-29;47;-12;44;-16;-24;14;-31;-35;44;1
64;-19;-23;-25;-36;-44;-139;-122;42;-30;-4;28;2;0;-53;-8;95;-47;-29;10;21;-25;45;-10;45;-17;-28;16;-34;-39;50;5
68;-22;-27;-28;-41;-44;-151;-127;46;-31;-5;29;6;-4;-53;-12;100;-48;-31;9;19;-21;45;-12;49;-20;-30;21;-31;-43;53;12
70;-26;-30;-29;-46;-46;-157;-131;47;-32;-8;29;8;-13;-54;-13;100;-48;-35;8;22;-16;46;-15;54;-24;-30;22;-28;-40;51;14
72;-27;-37;-31;-46;-52;-163;-137;49;-32;-8;30;5;-12;-63;-18;101;-51;-38;10;25;-14;50;-16;59;-25;-32;20;-31;-33;47;12
76;-30;-39;-33;-48;-57;-175;-143;50;-34;-9;28;4;-12;-65;-26;108;-56;-39;13;30;-15;53;-14;63;-25;-33;20;-35;-24;47;10
78;-32;-41;-39;-50;-59;-186;-149;54;-34;-13;25;4;-10;-62;-34;112;-58;-40;9;32;-13;49;-11;64;-23;-37;23;-35;-21;51;9
79;-33;-46;-44;-56;-58;-197;-155;58;-35;-17;26;4;-13;-61;-41;115;-59;-41;7;30;-4;41;-11;66;-25;-39;29;-32;-23;53;12
82;-37;-51;-45;-63;-55;-203;-155;61;-37;-20;29;10;-22;-64;-46;115;-62;-43;8;30;2;42;-15;70;-29;-35;32;-30;-20;52;15
87;-42;-55;-46;-66;-59;-211;-157;60;-38;-23;27;12;-29;-69;-49;116;-66;-45;11;33;3;45;-15;75;-33;-35;29;-28;-13;48;14
91;-44;-60;-49;-66;-62;-218;-163;65;-42;-26;24;9;-27;-74;-55;120;-70;-47;16;38;-1;45;-14;79;-34;-38;29;-29;-3;43;11
94;-48;-62;-50;-63;-66;-226;-168;71;-44;-29;16;7;-26;-76;-61;124;-75;-48;16;44;-4;39;-11;79;-34;-41;32;-30;5;43;8
95;-48;-64;-55;-61;-70;-236;-172;75;-41;-37;13;4;-31;-74;-64;123;-76;-50;13;46;-2;31;-8;80;-35;-43;36;-26;3;44;10
95;-48;-71;-60;-65;-72;-245;-174;78;-43;-40;17;7;-40;-73;-70;122;-77;-51;12;46;3;25;-8;85;-42;-42;42;-18;1;42;14
99;-54;-75;-64;-69;-75;-254;-176;82;-47;-39;17;12;-48;-74;-75;123;-81;-51;12;47;6;28;-9;91;-48;-40;43;-14;3;37;17
105;-59;-78;-71;-69;-74;-261;-184;88;-48;-43;10;9;-51;-78;-79;124;-84;-53;12;49;3;30;-7;96;-51;-42;41;-13;8;33;14
109;-61;-83;-77;-68;-73;-265;-192;95;-50;-47;7;3;-48;-80;-85;127;-87;-55;16;56;-3;30;-3;98;-51;-45;40;-14;15;29;11
113;-67;-82;-77;-67;-74;-271;-193;99;-47;-51;2;2;-50;-80;-95;130;-88;-55;18;63;-6;27;-1;100;-50;-47;45;-12;17;30;8
117;-70;-82;-82;-68;-74;-281;-195;103;-45;-59;0;2;-54;-79;-99;129;-86;-57;15;65;-4;20;-1;103;-52;-45;50;-4;14;33;6
120;-71;-83;-88;-71;-74;-292;-200;110;-49;-60;4;3;-60;-80;-102;130;-88;-59;12;63;3;18;-4;109;-59;-43;53;3;10;31;7
125;-77;-86;-92;-74;-72;-298;-204;118;-55;-58;2;7;-62;-82;-106;131;-89;-62;11;64;4;22;-5;115;-64;-44;52;7;11;27;7
126;-82;-86;-93;-73;-70;-303;-210;122;-55;-61;-6;3;-60;-86;-109;134;-90;-67;14;68;-1;26;-1;116;-63;-48;50;11;15;22;2
129;-87;-86;-95;-70;-72;-309;-216;127;-57;-68;-11;0;-55;-90;-116;138;-93;-66;17;75;-6;24;2;115;-63;-52;49;13;21;18;-3
135;-94;-83;-97;-71;-76;-317;-215;128;-58;-73;-13;0;-57;-91;-122;140;-95;-64;15;80;-8;19;0;118;-66;-51;51;17;24;16;-5
136;-96;-81;-101;-71;-78;-324;-220;132;-57;-77;-14;1;-58;-92;-125;141;-95;-62;9;81;-4;16;-3;127;-74;-49;51;23;23;18;-7
137;-98;-82;-104;-71;-79;-328;-230;140;-64;-75;-12;0;-58;-97;-128;143;-94;-63;8;79;0;17;-9;134;-79;-48;52;30;18;20;-8
144;-104;-82;-105;-75;-85;-331;-237;146;-72;-72;-14;1;-60;-101;-130;147;-93;-67;9;83;-7;22;-11;137;-82;-50;50;37;18;18;-12
146;-109;-79;-105;-77;-89;-334;-245;149;-74;-76;-22;-2;-55;-104;-132;150;-94;-65;9;89;-14;23;-8;136;-81;-51;50;42;20;12;-20
149;-115;-76;-107;-76;-95;-335;-251;154;-75;-79;-23;-4;-51;-107;-139;155;-98;-59;10;94;-15;19;-9;136;-82;-50;47;44;22;11;-25
152;-119;-72;-108;-75;-97;-340;-252;156;-75;-79;-21;-1;-52;-110;-143;158;-100;-55;5;95;-15;17;-14;141;-86;-50;44;46;25;12;-30
156;-119;-68;-108;-75;-97;-348;-259;159;-78;-80;-19;1;-57;-114;-141;160;-100;-57;0;94;-14;17;-21;149;-92;-50;45;52;23;14;-33
156;-121;-68;-111;-76;-98;-352;-269;167;-87;-79;-16;2;-57;-118;-142;163;-98;-58;-1;96;-14;21;-25;153;-96;-49;45;59;18;15;-33
159;-124;-68;-112;-79;-100;-352;-276;172;-93;-76;-19;5;-58;-124;-144;166;-97;-58;1;101;-23;28;-26;153;-97;-49;44;63;16;12;-38
161;-127;-66;-109;-78;-106;-356;-280;172;-92;-79;-23;4;-57;-131;-145;169;-100;-53;2;104;-34;29;-26;153;-97;-51;41;66;15;10;-47
162;-131;-62;-108;-73;-112;-358;-285;173;-94;-81;-21;3;-58;-135;-150;175;-103;-49;2;105;-37;25;-29;156;-98;-52;36;67;15;10;-53
166;-133;-56;-111;-73;-114;-361;-289;174;-99;-78;-18;6;-61;-138;-154;178;-103;-48;-2;104;-40;23;-38;160;-102;-54;32;69;12;12;-55
170;-134;-49;-115;-78;-109;-368;-296;176;-102;-77;-15;8;-65;-143;-153;180;-100;-50;-5;101;-42;27;-46;164;-109;-53;36;75;5;15;-58
170;-133;-47;-118;-83;-105;-367;-304;181;-107;-78;-13;10;-67;-149;-151;183;-99;-49;0;102;-47;35;-50;168;-112;-52;35;81;-5;16;-64
175;-136;-44;-117;-85;-109;-363;-309;183;-113;-77;-12;12;-67;-158;-152;188;-102;-45;4;107;-59;37;-55;167;-112;-51;30;83;-10;13;-69
178;-138;-39;-111;-82;-113;-361;-311;181;-111;-77;-13;12;-63;-165;-154;194;-104;-43;5;109;-69;37;-60;166;-113;-52;28;81;-12;11;-75
181;-137;-31;-109;-74;-116;-361;-317;185;-113;-77;-13;11;-60;-169;-156;200;-104;-43;4;107;-71;33;-63;166;-112;-52;24;80;-13;14;-80
185;-139;-24;-112;-72;-118;-363;-322;189;-117;-76;-12;13;-62;-169;-156;204;-102;-45;0;104;-66;31;-70;169;-114;-55;23;79;-18;14;-84
186;-139;-22;-115;-78;-114;-369;-327;191;-117;-77;-10;18;-67;-173;-151;205;-100;-48;0;99;-62;36;-74;171;-117;-55;24;83;-22;15;-87
183;-136;-19;-116;-79;-112;-365;-332;194;-122;-77;-7;22;-71;-177;-148;209;-98;-46;3;98;-65;42;-74;170;-121;-56;24;85;-26;17;-91
186;-135;-17;-116;-75;-119;-359;-333;196;-128;-74;-9;23;-71;-183;-148;217;-100;-41;4;100;-71;45;-76;170;-121;-56;19;84;-25;15;-93
190;-136;-13;-112;-72;-124;-359;-337;195;-128;-74;-12;22;-68;-189;-150;224;-102;-39;7;102;-75;46;-79;169;-120;-57;13;77;-22;14;-95
194;-136;-6;-109;-67;-126;-360;-345;199;-128;-73;-14;23;-70;-189;-154;231;-100;-39;8;102;-76;44;-82;169;-118;-59;10;74;-22;16;-95
198;-135;2;-112;-64;-131;-362;-355;207;-131;-71;-12;28;-77;-188;-152;235;-98;-39;6;100;-71;44;-85;171;-119;-62;9;74;-25;19;-96
196;-131;2;-116;-69;-129;-364;-359;208;-134;-68;-8;31;-84;-189;-149;236;-94;-43;6;98;-70;52;-88;173;-122;-62;10;76;-31;20;-100
193;-127;2;-115;-71;-129;-363;-360;209;-137;-65;-6;35;-89;-195;-151;240;-95;-41;9;100;-73;56;-91;175;-123;-59;8;77;-35;21;-101
194;-124;4;-114;-67;-133;-362;-364;212;-139;-61;-8;36;-92;-200;-156;247;-97;-37;13;102;-78;57;-92;174;-121;-60;4;75;-35;21;-99
198;-125;7;-112;-64;-133;-365;-366;212;-136;-59;-11;39;-91;-201;-161;256;-97;-34;14;105;-80;59;-95;172;-118;-62;0;71;-32;20;-98
199;-126;13;-109;-61;-135;-367;-369;214;-135;-60;-11;41;-96;-198;-166;261;-97;-32;12;106;-77;58;-97;174;-117;-61;-3;69;-33;21;-98
198;-123;15;-114;-58;-134;-368;-374;218;-136;-59;-8;44;-107;-196;-165;262;-93;-34;12;105;-73;58;-98;176;-116;-63;-5;67;-36;20;-96
196;-120;12;-116;-61;-133;-366;-376;218;-138;-56;-6;48;-116;-200;-160;262;-90;-37;14;107;-73;60;-100;179;-118;-60;-3;67;-34;20;-98
195;-120;12;-115;-58;-135;-367;-376;219;-141;-54;-8;48;-118;-203;-163;267;-91;-38;16;111;-72;60;-102;183;-121;-55;-3;70;-35;20;-99
196;-118;10;-116;-52;-141;-366;-378;223;-142;-55;-13;47;-118;-202;-173;275;-94;-35;18;114;-70;58;-104;184;-119;-55;-7;68;-36;18;-96
199;-119;8;-116;-47;-142;-367;-377;224;-141;-54;-14;46;-119;-201;-180;282;-96;-35;18;115;-68;56;-104;183;-116;-56;-9;63;-35;15;-93
204;-122;10;-117;-45;-142;-369;-377;225;-140;-54;-13;45;-123;-197;-184;284;-94;-38;16;115;-64;54;-102;184;-115;-56;-11;61;-33;13;-94
205;-121;11;-124;-44;-144;-370;-378;228;-140;-53;-12;48;-134;-192;-187;283;-90;-39;17;116;-60;51;-103;187;-114;-55;-14;62;-32;10;-95
204;-118;7;-129;-45;-142;-368;-380;231;-141;-52;-9;48;-143;-192;-188;283;-88;-42;19;118;-56;50;-107;193;-116;-53;-12;60;-30;11;-96
207;-117;6;-130;-44;-144;-366;-379;235;-144;-49;-10;48;-145;-194;-191;288;-90;-44;22;120;-54;50;-107;196;-117;-48;-10;60;-31;11;-97
210;-115;4;-129;-36;-153;-367;-377;239;-143;-50;-16;45;-144;-193;-200;294;-94;-42;24;122;-52;47;-107;197;-113;-48;-12;58;-30;10;-94
211;-113;1;-128;-29;-158;-369;-374;240;-139;-52;-17;41;-145;-187;-209;296;-94;-41;26;125;-49;43;-107;198;-107;-50;-11;53;-25;2;-92
215;-116;2;-132;-26;-157;-373;-372;243;-138;-50;-14;43;-153;-180;-214;294;-92;-44;26;127;-45;38;-103;199;-107;-48;-9;51;-22;-2;-92
216;-119;4;-137;-24;-157;-373;-371;247;-138;-45;-10;45;-166;-176;-217;291;-92;-48;28;127;-41;33;-99;202;-107;-47;-11;49;-19;-4;-93
215;-115;1;-144;-24;-157;-369;-371;250;-139;-43;-10;45;-173;-174;-218;291;-94;-49;30;130;-35;29;-100;207;-108;-46;-10;49;-15;-5;-95
216;-116;-3;-145;-22;-161;-365;-371;252;-140;-42;-12;43;-172;-175;-222;291;-96;-49;31;137;-34;26;-103;213;-110;-41;-7;51;-15;-7;-96
219;-119;0;-146;-14;-171;-362;-371;257;-139;-43;-16;41;-170;-174;-232;295;-99;-49;32;145;-38;24;-100;216;-108;-39;-7;50;-15;-10;-92
221;-120;2;-149;-7;-178;-364;-370;261;-135;-43;-18;38;-169;-167;-238;296;-103;-50;34;151;-40;22;-99;217;-105;-39;-7;49;-14;-16;-91
223;-123;0;-152;-6;-178;-367;-368;264;-134;-41;-13;38;-173;-161;-241;291;-103;-53;33;154;-37;19;-96;222;-110;-36;-3;49;-13;-18;-95
224;-126;1;-157;-7;-178;-368;-366;269;-136;-35;-9;45;-183;-155;-244;289;-105;-55;30;155;-32;16;-92;226;-111;-33;-4;50;-15;-18;-98
223;-124;0;-166;-5;-182;-365;-367;274;-138;-35;-10;47;-191;-153;-246;290;-109;-57;29;158;-29;14;-91;228;-108;-32;-3;51;-16;-18;-102
226;-127;-1;-169;-3;-188;-361;-365;274;-139;-35;-14;43;-188;-153;-253;290;-112;-57;31;163;-29;16;-93;235;-111;-29;3;53;-17;-18;-105
230;-131;-1;-168;1;-195;-358;-358;275;-135;-37;-18;42;-183;-149;-264;294;-115;-57;31;167;-33;15;-94;238;-112;-25;4;57;-20;-20;-105
230;-132;0;-171;1;-198;-359;-355;280;-133;-37;-19;43;-183;-142;-272;294;-116;-56;33;173;-35;13;-93;241;-113;-23;4;57;-17;-24;-107
232;-136;0;-176;1;-199;-358;-356;285;-132;-36;-16;42;-187;-135;-272;290;-117;-57;32;178;-34;9;-91;247;-114;-21;5;58;-16;-22;-114
236;-140;1;-179;-1;-201;-354;-357;288;-134;-33;-11;44;-191;-131;-273;289;-117;-58;28;177;-31;7;-93;252;-112;-21;8;63;-20;-20;-121
235;-143;2;-183;-2;-203;-349;-358;292;-134;-32;-12;47;-195;-130;-278;290;-118;-60;25;176;-28;5;-96;255;-108;-20;11;68;-21;-19;-128
238;-148;1;-186;-5;-207;-342;-355;295;-132;-32;-13;43;-191;-132;-281;290;-119;-60;26;182;-30;7;-100;261;-111;-17;16;69;-22;-16;-134
244;-151;2;-183;-4;-214;-342;-348;294;-129;-33;-13;41;-182;-130;-288;290;-120;-58;26;190;-34;8;-102;264;-112;-13;17;72;-26;-16;-135
242;-151;5;-184;-1;-216;-341;-344;296;-125;-35;-13;44;-181;-125;-293;290;-121;-57;28;192;-38;6;-105;266;-111;-10;16;71;-23;-20;-138
243;-153;8;-186;-1;-217;-337;-345;300;-126;-34;-10;45;-184;-123;-293;287;-122;-55;27;197;-43;4;-108;270;-109;-10;17;72;-21;-19;-149
246;-159;15;-187;-2;-218;-333;-347;306;-131;-32;-6;49;-188;-126;-293;282;-123;-55;21;197;-45;2;-109;273;-108;-9;19;77;-24;-15;-159
244;-163;18;-188;-3;-220;-325;-345;309;-134;-30;-6;53;-187;-127;-296;279;-125;-58;19;195;-43;1;-112;274;-106;-7;22;82;-24;-13;-165
245;-164;18;-187;0;-225;-316;-341;311;-133;-31;-9;52;-179;-128;-300;279;-129;-58;20;200;-44;2;-119;277;-108;-5;27;85;-23;-10;-171
248;-167;20;-184;5;-233;-311;-337;312;-133;-29;-9;50;-172;-126;-303;280;-131;-54;19;205;-51;6;-123;279;-112;-3;28;88;-28;-8;-176
249;-170;25;-182;7;-232;-312;-334;312;-132;-29;-8;52;-173;-122;-304;278;-133;-53;18;206;-56;7;-123;279;-113;-3;25;89;-28;-10;-181
246;-172;30;-182;6;-229;-308;-336;313;-133;-31;-6;56;-176;-121;-305;273;-134;-50;17;206;-58;8;-127;280;-113;-3;25;90;-27;-11;-193
247;-174;35;-183;4;-226;-300;-340;319;-138;-27;2;61;-175;-124;-303;271;-134;-49;12;205;-63;11;-130;281;-113;-3;26;95;-28;-7;-203
248;-178;40;-182;5;-228;-288;-338;321;-139;-24;3;69;-173;-127;-303;271;-134;-52;8;204;-66;11;-137;280;-113;-3;27;97;-33;-3;-208
247;-178;45;-180;8;-231;-281;-336;320;-138;-25;-2;70;-165;-125;-304;271;-135;-52;9;206;-67;14;-145;280;-115;-2;29;100;-37;-1;-212
245;-178;47;-178;13;-236;-277;-334;319;-138;-27;-2;69;-158;-123;-305;270;-136;-49;8;211;-75;21;-150;283;-119;-2;29;102;-43;0;-217
245;-179;55;-175;15;-233;-277;-331;321;-136;-26;3;76;-164;-123;-304;269;-136;-46;7;212;-81;21;-149;284;-120;-2;29;102;-47;-2;-222
243;-178;61;-174;13;-222;-277;-331;323;-133;-28;7;84;-172;-124;-303;267;-136;-46;5;209;-81;19;-151;281;-119;-4;28;104;-46;-1;-228
239;-176;65;-174;10;-213;-267;-333;326;-137;-26;11;88;-172;-125;-303;267;-134;-44;1;208;-83;21;-153;280;-119;-6;26;106;-49;2;-238
239;-178;72;-171;13;-214;-254;-331;329;-141;-23;11;92;-168;-128;-305;268;-131;-44;-1;208;-83;21;-156;278;-116;-8;28;106;-53;5;-240
238;-180;83;-168;19;-214;-247;-327;329;-138;-23;5;93;-164;-128;-305;268;-129;-46;0;208;-83;24;-165;276;-118;-9;31;106;-57;6;-241
236;-179;88;-162;24;-217;-241;-326;328;-138;-25;5;91;-160;-130;-302;268;-127;-45;5;212;-88;28;-170;276;-121;-9;30;111;-60;3;-247
235;-178;93;-154;29;-220;-237;-326;328;-139;-26;10;97;-158;-133;-300;266;-124;-43;4;215;-92;29;-170;274;-122;-11;28;113;-63;0;-251
231;-176;98;-152;31;-213;-235;-324;329;-138;-26;14;105;-156;-133;-301;269;-124;-41;4;214;-91;28;-172;272;-119;-14;23;112;-62;-3;-253
226;-172;102;-150;33;-207;-228;-325;333;-140;-23;17;108;-156;-132;-301;270;-122;-38;1;211;-90;29;-172;267;-117;-21;20;113;-61;-4;-257
224;-173;108;-146;37;-210;-217;-325;334;-144;-20;15;110;-152;-134;-298;269;-116;-40;-5;209;-86;31;-174;263;-115;-27;17;115;-64;-3;-258
223;-175;113;-139;43;-213;-210;-317;329;-144;-21;11;114;-148;-135;-297;269;-111;-43;-5;209;-84;34;-181;264;-116;-27;17;117;-65;-8;-254
222;-170;116;-132;50;-215;-208;-312;326;-143;-24;10;120;-148;-133;-296;270;-111;-40;-1;212;-88;37;-187;264;-118;-25;16;118;-61;-10;-255
220;-165;121;-128;56;-219;-205;-314;328;-147;-22;13;125;-151;-135;-294;270;-109;-36;-3;214;-90;38;-187;261;-120;-26;11;117;-59;-12;-256
214;-163;126;-127;59;-218;-203;-313;328;-151;-21;16;130;-153;-135;-297;271;-109;-36;-5;213;-88;38;-188;259;-119;-30;5;116;-55;-15;-254
208;-160;128;-127;60;-211;-196;-314;328;-155;-18;16;135;-155;-131;-301;273;-109;-33;-8;212;-84;37;-184;257;-115;-35;2;117;-53;-16;-255
208;-158;130;-123;65;-212;-184;-314;330;-158;-16;15;137;-158;-126;-300;271;-103;-34;-14;208;-81;35;-185;252;-112;-39;3;120;-55;-16;-254
209;-156;134;-120;71;-220;-175;-305;325;-153;-16;14;140;-160;-127;-299;267;-99;-36;-13;209;-79;34;-191;252;-114;-39;4;122;-52;-20;-252
207;-152;138;-120;76;-222;-173;-302;322;-150;-17;14;142;-162;-124;-298;270;-100;-34;-8;214;-83;36;-196;254;-117;-36;1;121;-49;-24;-251
203;-147;139;-119;83;-221;-169;-303;324;-153;-17;15;144;-164;-126;-297;272;-99;-33;-5;216;-85;38;-194;256;-117;-37;-6;119;-48;-27;-252
201;-145;141;-120;88;-219;-166;-300;327;-155;-15;15;145;-166;-129;-297;271;-98;-35;-5;215;-84;35;-190;252;-112;-41;-10;118;-49;-31;-251
198;-141;140;-119;90;-214;-160;-296;329;-155;-14;15;149;-169;-123;-299;272;-98;-34;-8;212;-83;31;-189;248;-106;-43;-10;121;-51;-35;-249
195;-140;138;-118;96;-219;-148;-292;329;-154;-14;13;154;-174;-117;-297;269;-93;-37;-11;210;-81;24;-189;245;-103;-44;-9;124;-54;-42;-249
197;-141;141;-117;104;-226;-140;-283;325;-151;-13;12;156;-175;-117;-296;266;-88;-42;-12;207;-77;21;-189;247;-107;-43;-11;124;-52;-46;-245
198;-135;142;-118;107;-224;-143;-274;322;-150;-12;10;156;-178;-114;-297;269;-88;-44;-8;206;-75;20;-188;250;-111;-41;-14;121;-48;-51;-239
195;-130;141;-117;111;-223;-139;-276;323;-152;-11;6;155;-179;-112;-295;272;-89;-42;-7;206;-74;22;-182;249;-109;-41;-22;119;-46;-57;-238
194;-129;142;-117;117;-225;-131;-275;327;-152;-8;4;154;-177;-110;-297;273;-88;-43;-8;206;-72;19;-176;246;-104;-46;-25;115;-46;-61;-236
193;-126;141;-117;117;-222;-123;-268;329;-150;-7;5;157;-177;-104;-299;275;-86;-43;-8;205;-69;13;-174;243;-98;-49;-24;116;-45;-67;-233
194;-125;140;-115;121;-224;-113;-266;327;-149;-5;6;159;-180;-97;-298;272;-83;-44;-11;203;-66;9;-172;243;-98;-46;-23;117;-43;-70;-231
197;-125;140;-115;130;-237;-102;-262;324;-149;-2;4;157;-179;-95;-295;268;-76;-49;-13;204;-63;7;-172;247;-101;-43;-25;116;-42;-73;-227
197;-121;138;-118;134;-243;-101;-255;323;-147;2;1;159;-179;-93;-297;270;-76;-48;-11;204;-60;7;-171;249;-104;-41;-28;111;-41;-77;-223
194;-117;138;-120;134;-241;-102;-256;325;-147;4;-4;159;-180;-88;-296;273;-78;-47;-10;205;-60;7;-165;250;-101;-42;-32;108;-38;-81;-221
196;-117;138;-122;137;-243;-94;-253;327;-147;3;-5;158;-178;-86;-295;272;-79;-46;-12;206;-57;4;-160;248;-94;-43;-32;107;-39;-84;-221
196;-116;135;-124;137;-245;-84;-245;325;-144;5;0;160;-184;-81;-299;273;-81;-43;-15;207;-55;-2;-159;248;-91;-41;-28;107;-39;-88;-217
199;-118;135;-123;141;-250;-74;-240;324;-142;11;1;164;-190;-75;-298;273;-78;-43;-15;208;-53;-6;-158;250;-92;-38;-28;105;-37;-91;-216
204;-118;135;-124;147;-261;-68;-238;324;-142;15;-1;162;-191;-72;-294;267;-73;-44;-16;207;-50;-7;-157;255;-95;-32;-30;104;-36;-94;-215
204;-115;131;-125;146;-264;-67;-234;321;-142;16;-4;160;-187;-68;-293;266;-74;-43;-15;208;-49;-7;-153;259;-97;-28;-33;101;-37;-97;-214
203;-115;130;-125;144;-262;-62;-230;322;-140;18;-9;158;-188;-62;-293;268;-78;-40;-13;210;-51;-10;-148;257;-94;-29;-34;100;-39;-99;-214
203;-116;129;-127;145;-263;-53;-225;321;-135;16;-9;157;-189;-60;-293;268;-78;-38;-12;211;-48;-14;-147;253;-89;-29;-32;104;-43;-101;-214
204;-117;126;-130;143;-263;-47;-217;319;-131;16;-2;159;-190;-57;-296;269;-79;-35;-14;211;-45;-17;-148;257;-87;-24;-30;107;-43;-102;-212
206;-122;126;-129;142;-263;-42;-211;319;-133;22;0;165;-193;-50;-294;268;-78;-33;-16;212;-45;-18;-150;262;-89;-17;-31;104;-43;-103;-210
209;-125;126;-128;148;-269;-34;-209;320;-132;25;-4;163;-190;-48;-289;264;-75;-33;-15;212;-48;-18;-149;267;-91;-13;-32;103;-46;-102;-209
210;-122;123;-130;151;-273;-29;-204;320;-130;26;-4;157;-184;-44;-285;262;-74;-33;-11;216;-50;-18;-147;269;-90;-10;-32;104;-50;-100;-211
211;-121;122;-128;146;-270;-25;-196;316;-129;25;-5;159;-185;-38;-286;263;-76;-30;-9;217;-52;-21;-145;267;-86;-9;-29;105;-52;-99;-213
208;-122;123;-128;146;-269;-18;-188;311;-124;21;-7;160;-185;-36;-286;261;-78;-26;-9;215;-49;-24;-147;266;-81;-6;-25;106;-56;-97;-216
207;-122;120;-133;145;-268;-10;-179;310;-123;20;-2;160;-182;-33;-285;261;-79;-22;-11;212;-46;-25;-147;269;-81;0;-23;107;-61;-97;-219
214;-128;121;-132;141;-264;-7;-171;312;-126;27;5;164;-183;-26;-281;262;-78;-20;-15;210;-47;-25;-149;274;-81;4;-23;106;-62;-98;-218
219;-133;124;-129;143;-264;0;-168;313;-126;30;-1;162;-183;-21;-277;258;-75;-19;-13;211;-53;-23;-148;276;-79;7;-22;106;-63;-99;-218
218;-132;124;-129;146;-267;11;-164;310;-123;29;-1;157;-176;-22;-272;254;-72;-18;-7;215;-60;-25;-147;275;-78;7;-20;104;-64;-98;-224
218;-130;125;-125;143;-265;17;-154;306;-119;29;2;157;-173;-22;-268;252;-74;-16;-5;216;-60;-25;-148;273;-74;10;-19;104;-64;-93;-230
218;-132;130;-121;141;-264;22;-144;301;-114;24;1;158;-172;-18;-266;251;-76;-13;-5;213;-59;-23;-151;274;-70;16;-18;107;-69;-89;-234
218;-134;129;-120;142;-263;29;-138;299;-110;21;1;159;-168;-15;-264;251;-76;-9;-7;211;-60;-22;-153;275;-69;19;-16;107;-76;-87;-234
218;-134;128;-119;139;-259;35;-135;302;-112;28;6;162;-167;-9;-261;250;-73;-7;-9;209;-66;-21;-155;276;-70;20;-15;105;-78;-88;-235
222;-138;135;-112;139;-256;39;-130;303;-111;34;6;163;-167;-6;-254;246;-69;-9;-7;209;-70;-18;-154;272;-68;23;-12;104;-78;-88;-238
221;-138;138;-108;143;-258;46;-127;300;-108;31;4;159;-163;-5;-248;241;-68;-8;-3;211;-71;-19;-155;269;-64;24;-12;105;-79;-84;-240
215;-135;138;-102;143;-259;55;-117;294;-106;29;6;158;-158;-1;-247;239;-69;-4;-1;212;-72;-17;-157;266;-62;27;-10;105;-79;-80;-240
214;-140;145;-96;145;-254;57;-106;289;-102;29;7;162;-156;4;-248;239;-71;1;-4;210;-72;-12;-160;265;-61;31;-8;107;-80;-77;-241
212;-139;150;-93;148;-247;60;-103;287;-99;27;7;166;-153;9;-246;238;-70;4;-6;208;-72;-10;-158;264;-57;32;-6;109;-87;-72;-242
208;-139;150;-91;145;-242;69;-101;289;-102;32;9;166;-150;13;-242;236;-64;3;-6;210;-78;-9;-160;262;-53;33;-2;110;-94;-74;-239
208;-142;152;-84;146;-240;73;-95;289;-101;39;12;168;-149;14;-236;231;-60;4;-4;213;-85;-6;-161;258;-52;35;-2;109;-94;-75;-239
205;-141;157;-75;152;-241;76;-91;286;-98;37;13;167;-145;13;-231;226;-58;3;-3;212;-84;-4;-161;252;-49;35;-5;109;-91;-69;-242
198;-140;160;-68;156;-241;82;-82;282;-97;32;15;166;-140;15;-228;225;-59;6;-6;210;-80;2;-164;251;-46;34;-5;108;-92;-63;-243
196;-143;167;-61;156;-235;85;-70;278;-95;33;16;169;-137;19;-228;227;-59;10;-11;206;-82;8;-167;252;-43;35;-4;109;-96;-60;-241
192;-146;173;-58;157;-226;89;-65;276;-91;32;15;174;-136;21;-227;226;-55;7;-12;205;-86;11;-165;251;-37;34;0;111;-103;-57;-239
188;-140;175;-57;159;-226;97;-63;278;-90;32;20;175;-135;24;-224;222;-48;4;-11;205;-86;9;-164;246;-33;33;1;112;-105;-57;-237
184;-138;174;-48;161;-226;104;-56;278;-93;39;25;175;-133;24;-218;218;-45;2;-8;208;-87;12;-167;243;-30;32;1;110;-101;-59;-234
181;-135;177;-37;169;-227;110;-50;276;-91;39;22;175;-128;24;-215;214;-44;1;-8;205;-85;12;-166;239;-27;32;0;108;-99;-57;-232
176;-132;183;-26;176;-226;117;-46;272;-88;36;23;174;-124;27;-215;212;-45;1;-12;198;-79;14;-165;238;-25;28;-2;108;-96;-54;-233
173;-131;188;-21;176;-221;124;-36;269;-86;34;25;174;-123;33;-214;212;-44;1;-16;195;-79;19;-164;238;-19;22;-1;109;-97;-52;-230
168;-129;191;-18;176;-217;129;-31;267;-81;33;26;179;-121;35;-211;210;-38;0;-18;195;-81;20;-163;234;-15;21;4;112;-99;-53;-225
162;-122;192;-16;180;-221;137;-31;265;-80;36;30;182;-118;36;-209;205;-33;-3;-15;193;-80;18;-162;231;-14;24;4;112;-97;-55;-219
159;-116;191;-10;187;-227;146;-29;267;-81;42;33;180;-116;37;-203;198;-34;-4;-14;194;-80;18;-162;227;-13;22;-1;106;-89;-58;-214
156;-116;194;2;195;-232;153;-25;265;-80;42;32;177;-111;39;-198;193;-36;-7;-17;193;-78;19;-160;225;-12;20;-6;101;-80;-59;-212
151;-113;198;8;204;-236;159;-20;264;-78;40;31;178;-110;43;-198;192;-34;-8;-21;188;-72;20;-156;224;-7;15;-9;103;-78;-57;-210
146;-109;199;8;206;-235;164;-13;262;-76;39;32;181;-109;47;-199;191;-33;-9;-23;187;-71;20;-153;222;-1;11;-9;106;-80;-57;-206
143;-106;201;8;204;-233;168;-7;257;-74;41;35;185;-109;50;-197;187;-31;-13;-26;185;-70;19;-150;218;-2;11;-5;108;-80;-60;-201
138;-100;200;10;206;-233;177;-5;257;-72;43;40;190;-110;53;-197;183;-28;-14;-25;184;-67;16;-148;215;-4;14;-7;107;-79;-65;-193
133;-92;194;12;211;-236;187;-2;259;-74;47;41;189;-110;55;-195;181;-31;-14;-23;182;-66;14;-144;212;-1;11;-13;101;-74;-68;-184
132;-90;195;20;216;-238;193;1;258;-73;48;40;186;-108;57;-189;177;-32;-18;-27;180;-65;16;-136;211;2;5;-20;96;-69;-69;-182
130;-88;197;27;220;-240;202;5;256;-68;44;39;187;-105;60;-188;175;-30;-23;-30;176;-60;13;-131;209;7;1;-20;100;-69;-68;-181
125;-84;194;26;221;-241;210;11;255;-65;42;39;190;-102;63;-190;175;-28;-26;-32;176;-56;10;-129;208;9;-1;-17;102;-71;-68;-177
125;-81;190;25;219;-240;216;18;251;-60;44;43;193;-101;63;-187;173;-26;-28;-35;174;-55;8;-125;208;8;0;-12;103;-73;-70;-170
125;-75;187;28;220;-244;224;24;248;-58;46;45;195;-102;65;-184;169;-25;-29;-34;171;-53;7;-118;206;5;1;-16;101;-72;-74;-163
122;-67;181;29;223;-248;233;25;248;-61;49;45;192;-101;69;-182;167;-28;-30;-33;168;-50;5;-113;205;7;0;-23;95;-68;-77;-158
122;-64;177;33;223;-251;238;26;247;-62;50;42;189;-97;73;-178;167;-26;-32;-37;166;-46;3;-108;204;11;-3;-26;91;-60;-81;-156
125;-62;178;36;223;-256;243;29;244;-56;49;40;190;-95;74;-177;164;-21;-35;-40;161;-42;-1;-104;200;14;-6;-26;93;-56;-81;-155
123;-56;177;32;223;-257;252;35;240;-52;46;43;192;-93;79;-176;161;-19;-34;-41;158;-37;-4;-101;199;15;-7;-25;96;-55;-82;-150
126;-52;171;29;219;-258;260;42;237;-52;44;46;192;-91;83;-173;158;-20;-33;-41;159;-34;-7;-98;203;10;-6;-22;96;-55;-84;-144
129;-49;166;30;217;-259;265;46;236;-53;47;44;194;-86;83;-170;157;-21;-31;-40;156;-29;-10;-90;204;8;-5;-22;96;-53;-86;-139
128;-44;162;29;217;-262;271;46;235;-51;50;42;192;-86;87;-168;157;-22;-31;-40;153;-24;-12;-82;199;10;-9;-29;94;-46;-89;-136
129;-41;158;31;215;-265;278;48;232;-50;49;42;188;-85;91;-162;154;-21;-30;-42;152;-23;-15;-76;195;13;-10;-32;91;-40;-90;-134
134;-42;154;35;213;-267;284;55;228;-47;47;41;189;-82;91;-155;151;-19;-28;-44;148;-20;-18;-74;193;14;-10;-31;90;-39;-89;-132
133;-39;155;32;210;-268;293;61;225;-41;44;40;191;-83;93;-152;149;-16;-25;-43;146;-17;-21;-70;193;13;-9;-30;91;-39;-89;-127
135;-34;152;27;207;-270;300;66;223;-40;44;40;189;-81;93;-145;148;-17;-21;-42;147;-16;-23;-67;196;11;-7;-30;90;-39;-91;-124
140;-31;146;29;203;-272;302;72;219;-40;45;39;188;-77;90;-139;148;-17;-20;-42;147;-19;-23;-63;196;11;-3;-28;91;-39;-91;-122
141;-30;141;32;200;-270;306;76;217;-37;47;37;190;-78;93;-140;148;-17;-16;-40;143;-18;-26;-57;193;9;0;-29;90;-38;-93;-119
143;-28;136;33;201;-270;315;77;216;-37;47;35;187;-79;98;-133;146;-17;-13;-39;140;-17;-28;-52;190;9;-2;-33;87;-35;-93;-117
146;-29;134;34;196;-270;323;85;211;-33;45;35;183;-79;99;-123;143;-13;-11;-40;141;-17;-29;-49;190;11;-1;-33;87;-35;-91;-117
148;-30;133;35;189;-264;327;94;204;-28;42;36;185;-79;100;-121;141;-12;-6;-40;139;-14;-31;-47;190;13;3;-30;90;-39;-90;-114
149;-27;130;31;187;-263;330;98;200;-25;42;34;186;-77;100;-116;141;-11;-2;-39;136;-15;-34;-47;191;11;4;-25;91;-42;-90;-112
153;-23;125;32;184;-263;332;105;195;-24;44;33;181;-72;97;-106;142;-9;2;-36;133;-18;-30;-45;190;9;8;-21;90;-42;-91;-110
154;-26;119;38;181;-257;331;108;190;-25;45;33;179;-68;99;-102;143;-9;4;-32;132;-19;-29;-40;186;8;13;-23;90;-40;-89;-108
152;-27;115;43;179;-250;336;110;187;-22;45;30;177;-71;104;-95;141;-8;9;-32;130;-18;-30;-36;182;12;13;-26;89;-41;-87;-106
152;-28;113;44;178;-248;344;120;182;-17;43;30;174;-71;102;-83;138;-2;14;-30;131;-16;-30;-36;182;14;13;-21;90;-44;-85;-105
155;-33;115;45;173;-243;347;131;175;-13;42;32;174;-70;102;-77;136;1;18;-30;129;-14;-29;-35;182;15;18;-17;91;-46;-84;-105
156;-34;114;46;171;-240;348;136;169;-12;40;31;175;-69;104;-73;135;2;24;-29;126;-14;-29;-37;178;18;23;-14;91;-49;-85;-102
157;-31;110;45;171;-238;346;139;165;-12;40;27;171;-64;101;-65;138;5;31;-25;124;-18;-26;-39;175;16;27;-14;89;-49;-83;-100
159;-30;106;51;167;-230;344;141;163;-10;42;28;166;-60;101;-60;135;9;35;-23;125;-21;-20;-35;173;16;30;-16;88;-49;-79;-96
158;-33;104;61;165;-222;348;145;159;-9;43;28;164;-65;108;-53;132;12;39;-19;125;-20;-19;-34;168;22;31;-18;90;-51;-77;-94
155;-35;104;66;166;-219;355;149;154;-5;40;30;163;-67;110;-43;128;13;45;-17;125;-18;-21;-37;166;24;31;-15;89;-54;-77;-94
156;-38;106;68;164;-215;358;156;151;-3;39;34;162;-64;109;-38;126;17;49;-18;124;-19;-19;-38;162;26;33;-9;89;-57;-74;-93
157;-39;109;73;165;-214;357;166;145;1;39;33;160;-64;112;-35;125;22;52;-18;120;-18;-15;-39;158;28;37;-8;89;-59;-73;-88
154;-35;108;77;168;-213;352;171;139;5;36;29;156;-60;113;-27;126;27;56;-15;120;-21;-8;-39;156;29;38;-8;88;-60;-70;-84
153;-34;103;83;166;-207;354;172;136;7;36;31;149;-56;113;-18;122;31;57;-11;121;-27;-2;-38;153;30;39;-8;85;-62;-66;-78
149;-34;104;93;166;-204;356;175;135;11;39;35;151;-59;117;-11;117;33;59;-9;119;-25;0;-35;147;35;40;-8;85;-63;-64;-73
145;-36;109;98;171;-204;359;179;130;16;37;37;150;-64;119;-4;116;35;61;-7;116;-24;2;-35;142;40;40;-8;85;-64;-64;-72
142;-38;111;100;173;-202;362;186;126;19;38;40;147;-60;119;1;113;39;63;-9;117;-23;4;-38;142;44;41;-3;84;-68;-62;-69
140;-39;115;107;174;-201;360;193;122;22;42;39;145;-58;121;4;113;44;65;-11;113;-24;8;-40;140;43;46;0;82;-70;-57;-64
137;-35;118;110;175;-199;357;200;117;27;40;36;141;-56;125;9;113;49;63;-8;109;-27;13;-37;135;45;46;2;82;-73;-50;-59
131;-29;113;114;175;-196;354;201;115;29;37;38;138;-54;128;14;111;52;63;-4;111;-30;20;-35;131;49;47;1;83;-76;-46;-54
123;-30;113;120;175;-191;355;201;114;30;41;42;141;-58;132;19;108;53;65;-4;110;-29;23;-33;126;54;46;0;82;-78;-46;-49
120;-31;117;128;178;-185;360;205;112;36;43;42;144;-64;135;22;107;55;64;-7;105;-27;21;-33;121;58;46;-1;80;-78;-47;-46
119;-28;119;133;181;-186;364;211;111;41;43;45;139;-62;136;24;107;58;62;-11;99;-22;22;-35;119;61;49;0;79;-78;-43;-44
119;-28;123;137;182;-191;366;218;110;41;46;45;138;-58;140;25;105;62;61;-13;98;-21;26;-35;118;64;49;2;78;-81;-39;-39
113;-22;125;141;184;-195;365;223;105;46;47;40;137;-57;144;27;101;66;60;-10;97;-24;27;-31;112;68;44;3;76;-83;-36;-32
105;-13;123;147;188;-196;364;220;102;49;45;42;133;-56;145;32;97;68;58;-8;95;-25;29;-27;107;72;43;2;76;-85;-32;-27
100;-12;121;152;188;-196;368;216;104;50;47;46;133;-57;147;37;95;68;57;-10;90;-21;29;-25;104;77;43;-3;72;-84;-35;-21
96;-12;125;156;188;-199;376;218;103;54;49;47;135;-57;149;38;96;69;55;-15;84;-15;29;-23;102;81;41;-6;66;-79;-38;-18
92;-8;126;158;191;-204;384;223;102;61;51;47;131;-52;153;39;95;73;50;-18;81;-13;31;-21;104;84;41;-4;63;-77;-35;-15
94;-6;129;164;195;-212;387;227;101;63;53;50;126;-49;156;41;89;77;47;-17;81;-13;32;-16;102;87;40;-4;62;-79;-30;-8
91;-2;130;169;196;-220;382;230;97;67;54;50;126;-49;160;42;85;79;45;-16;79;-11;30;-11;97;92;37;-6;59;-79;-29;0
81;8;128;169;195;-219;381;226;94;71;51;49;125;-47;165;44;84;79;43;-14;76;-9;31;-7;95;92;37;-4;58;-78;-29;5
73;16;125;172;193;-218;387;220;96;71;54;56;128;-48;165;46;82;77;44;-16;73;-9;31;-2;93;92;39;-9;54;-76;-27;9
71;19;128;177;192;-222;396;224;98;74;57;59;130;-49;165;45;81;76;40;-22;67;-3;29;4;91;96;38;-13;48;-70;-29;13
69;21;129;178;193;-228;402;229;96;80;57;59;127;-46;169;43;81;79;36;-24;65;3;28;8;91;101;38;-12;44;-67;-29;15
69;26;125;180;195;-236;405;229;97;81;60;59;124;-45;172;46;77;80;34;-23;65;2;25;13;91;103;38;-10;44;-69;-23;21
71;31;125;182;195;-244;405;231;96;83;61;59;125;-46;174;49;74;79;31;-24;61;1;22;19;86;103;34;-9;44;-69;-21;29
65;39;122;181;191;-243;405;232;91;87;58;61;126;-47;176;50;72;75;28;-23;58;4;21;21;85;100;36;-9;42;-65;-22;33
59;48;115;179;184;-242;413;227;91;86;58;64;128;-46;178;50;72;74;29;-25;57;7;23;24;87;97;40;-12;41;-64;-20;34
61;51;111;179;178;-244;425;231;95;88;61;63;128;-45;177;48;70;75;26;-30;52;12;19;32;87;100;40;-17;36;-61;-19;38
64;55;109;178;177;-248;428;236;93;93;61;63;124;-44;180;49;66;76;21;-32;46;18;15;37;87;107;35;-18;33;-59;-19;44
69;59;106;179;176;-254;428;236;91;97;57;63;121;-42;184;54;62;79;21;-33;44;22;12;42;86;111;32;-14;34;-60;-17;48
70;61;103;178;172;-257;427;239;90;101;56;66;122;-39;186;59;60;80;22;-32;41;25;8;48;85;108;33;-12;33;-59;-17;54
67;72;98;175;163;-250;425;241;87;103;56;68;124;-37;184;58;60;76;23;-29;38;29;6;53;87;103;35;-11;29;-51;-18;56
65;81;89;173;156;-247;431;237;88;101;54;67;120;-33;184;60;61;75;24;-28;35;33;6;57;91;101;37;-15;26;-48;-16;56
68;82;85;172;151;-253;439;238;92;103;55;65;120;-30;184;63;58;79;24;-30;31;37;4;65;92;108;36;-18;23;-45;-15;60
72;84;81;168;148;-257;443;243;91;112;56;64;120;-27;183;67;55;82;23;-28;28;40;-1;70;88;115;31;-15;21;-43;-17;65
78;88;79;168;145;-259;442;247;87;118;54;63;115;-26;184;75;51;83;23;-25;27;42;-5;71;87;115;31;-8;24;-41;-14;66
86;87;76;166;139;-262;442;249;80;117;52;68;113;-23;183;80;49;84;26;-25;25;45;-7;73;87;109;36;-7;24;-36;-11;68
84;91;72;159;128;-257;439;252;75;116;51;67;115;-18;182;79;49;84;30;-24;21;50;-8;75;93;106;38;-8;19;-29;-11;72
81;99;64;158;118;-247;443;250;75;118;52;63;114;-14;183;82;52;83;34;-20;18;51;-5;80;94;106;40;-9;19;-26;-8;74
85;101;60;159;117;-248;449;252;74;118;53;62;112;-13;182;91;50;84;36;-21;16;49;-5;89;91;113;39;-10;24;-25;-8;76
93;96;57;158;115;-248;450;260;69;124;50;62;113;-13;182;98;45;90;37;-22;15;49;-12;89;88;118;37;-4;25;-22;-10;77
97;98;53;158;111;-244;446;264;63;129;48;62;112;-16;178;102;43;92;42;-17;14;51;-15;84;89;115;39;3;25;-19;-8;77
102;99;49;160;104;-242;444;267;60;127;49;63;109;-14;174;107;43;91;47;-13;14;53;-14;85;91;107;43;5;25;-18;-2;79
101;101;41;154;93;-233;439;271;55;125;49;61;107;-9;174;112;43;93;51;-14;10;56;-12;90;94;103;44;3;25;-15;0;82
98;104;34;153;87;-220;437;270;53;124;45;54;107;-6;177;118;44;94;57;-13;8;55;-8;93;93;105;43;4;28;-14;2;81
101;101;33;155;87;-217;444;268;56;127;45;52;104;-6;175;127;43;96;62;-9;7;50;-9;97;88;107;43;7;33;-18;6;83
108;97;30;156;86;-217;444;278;52;133;44;54;102;-7;168;135;37;102;63;-5;7;48;-14;95;84;107;45;11;35;-18;6;84
112;94;27;157;81;-212;432;283;41;138;42;55;99;-7;166;139;34;103;68;-4;4;53;-12;90;84;102;48;16;34;-17;6;83
114;92;24;159;79;-207;428;280;37;134;40;54;94;0;167;144;34;104;74;-1;2;56;-6;89;87;98;51;17;35;-18;14;84
114;92;18;156;74;-197;426;283;37;132;42;52;89;4;167;151;37;109;76;-1;-2;57;-1;93;88;97;51;16;38;-20;18;87
112;95;11;158;68;-183;419;288;33;138;40;48;88;4;168;159;37;113;80;3;-4;54;0;98;80;101;47;18;42;-18;19;90
113;92;9;164;66;-173;420;290;28;142;37;50;89;0;165;165;35;115;85;9;-4;51;-2;98;76;103;49;25;47;-19;21;90
116;87;10;168;69;-177;420;294;25;145;39;54;90;0;159;171;34;118;85;9;-5;54;-2;94;75;102;50;28;47;-18;22;95
119;81;8;170;68;-172;407;296;19;148;42;55;83;5;157;175;34;119;87;10;-9;56;2;89;75;99;51;29;44;-15;23;95
120;79;5;176;67;-164;402;292;17;145;44;50;78;8;162;181;35;119;92;10;-12;55;8;87;74;97;53;28;45;-14;30;95
116;80;0;178;70;-161;405;292;19;144;44;47;74;7;163;188;34;125;93;11;-9;50;11;90;70;99;50;29;50;-17;35;101
111;82;-3;180;68;-153;402;299;15;152;41;48;76;6;158;191;31;128;93;16;-7;45;11;92;63;100;48;34;53;-19;38;105
110;79;-1;185;65;-145;398;300;7;159;41;50;78;2;156;190;32;126;98;21;-9;45;11;87;60;99;49;36;57;-19;41;104
111;72;3;189;70;-148;396;297;8;160;45;51;77;0;153;193;33;125;99;20;-12;48;13;83;60;98;51;35;56;-19;42;105
111;69;2;188;75;-146;389;295;8;159;49;49;71;6;153;196;31;131;98;17;-15;48;17;79;60;96;51;35;53;-20;45;110
108;69;1;195;76;-141;384;292;5;161;50;45;64;7;157;200;30;134;97;17;-15;44;25;80;57;96;50;36;54;-24;51;111
102;73;2;199;81;-139;385;292;6;164;47;43;64;0;160;206;26;135;96;21;-13;41;25;82;54;101;50;35;58;-29;55;113
92;75;-2;199;84;-137;385;296;3;170;46;45;67;-4;156;208;27;136;96;23;-13;42;24;81;50;103;51;33;60;-30;56;117
88;71;-1;204;84;-131;379;296;-1;174;48;46;71;-3;154;205;31;133;96;22;-17;43;25;80;48;101;52;34;61;-33;58;119
89;67;4;208;88;-132;374;290;-1;175;54;45;68;-5;155;207;31;134;93;18;-21;44;28;81;44;100;50;30;61;-36;60;122
87;68;2;209;92;-133;373;286;2;173;56;44;61;-5;160;211;27;138;89;17;-21;43;32;81;41;103;47;27;57;-34;62;128
82;71;-1;214;95;-131;373;285;1;175;56;42;58;-6;164;214;24;141;87;19;-19;39;36;82;39;105;46;27;57;-36;64;130
78;72;2;218;99;-134;374;281;-2;180;56;43;61;-12;162;215;23;142;84;21;-18;34;33;84;36;107;49;24;60;-42;69;135
70;76;1;217;101;-137;372;279;-5;183;56;46;61;-11;159;212;23;142;84;19;-24;35;31;82;33;108;47;21;57;-45;71;140
62;73;-1;217;96;-136;369;277;-5;182;59;50;59;-8;161;209;24;140;86;16;-30;37;34;80;34;106;47;21;55;-45;69;142
62;69;1;218;99;-136;369;271;-1;182;63;49;57;-10;164;210;24;140;83;12;-33;37;35;84;32;107;46;22;53;-47;70;145
62;72;1;215;102;-139;371;267;1;183;62;47;50;-11;168;212;20;144;77;11;-36;36;34;90;29;112;42;18;49;-47;74;150
58;79;-1;216;101;-141;370;269;-1;186;58;48;48;-13;171;215;17;147;73;12;-36;34;32;90;26;114;40;15;45;-44;76;152
50;82;-1;220;104;-146;372;264;-2;185;58;48;51;-17;172;215;15;145;73;10;-38;35;29;92;27;115;41;13;44;-44;80;156
45;84;0;217;105;-152;373;259;0;187;57;48;48;-15;170;213;17;142;74;8;-47;40;26;93;26;116;39;12;40;-48;82;163
44;83;1;212;99;-151;369;255;2;189;57;48;45;-11;171;211;17;139;72;5;-55;40;29;95;25;115;35;12;35;-46;79;166
46;85;2;207;93;-154;372;250;5;186;59;47;42;-11;175;212;17;141;66;2;-58;36;32;102;25;119;32;10;30;-39;79;169
44;93;-1;204;99;-162;379;245;6;188;57;46;40;-13;179;213;12;146;60;4;-56;35;30;104;21;124;33;7;24;-38;83;172
38;100;-3;203;100;-168;378;242;6;189;55;48;36;-15;180;214;9;144;58;8;-59;35;29;105;20;124;34;5;20;-37;87;176
37;102;-2;205;95;-169;375;239;5;188;55;49;36;-16;181;215;9;141;60;5;-64;37;29;107;22;123;34;2;19;-38;90;180
35;105;-2;203;91;-169;375;236;5;188;54;48;35;-15;183;211;11;140;61;1;-75;42;27;109;23;124;32;3;18;-40;91;184
36;109;-4;193;83;-166;375;234;5;189;54;48;35;-15;184;210;15;139;61;0;-81;39;30;113;24;123;31;5;14;-38;90;189
38;114;-6;186;74;-164;374;231;6;188;54;48;34;-18;183;214;12;141;56;3;-80;34;30;117;22;126;30;4;11;-31;92;191
35;124;-11;184;75;-171;373;228;5;188;51;49;33;-17;184;215;7;145;53;3;-83;34;25;121;21;129;32;1;6;-26;97;192
31;128;-15;183;75;-173;372;228;5;186;50;48;32;-16;187;215;6;143;55;7;-88;38;24;122;22;128;33;-2;0;-25;101;195
35;126;-14;183;69;-170;369;228;6;186;51;44;32;-17;186;216;7;139;60;7;-90;40;23;121;22;127;31;-1;-2;-25;103;198
38;128;-12;179;63;-166;369;225;5;185;49;42;29;-17;184;215;9;139;61;4;-98;44;23;126;23;129;29;3;0;-24;104;201
37;135;-17;168;54;-162;373;223;5;181;47;42;26;-17;185;215;10;143;60;5;-105;43;25;130;26;128;30;7;-1;-18;103;200
40;139;-23;159;46;-158;374;222;4;181;46;40;25;-15;182;219;9;147;58;9;-105;39;25;130;29;126;33;7;-9;-10;104;200
41;143;-27;155;46;-160;372;219;1;183;44;38;21;-9;181;222;5;148;58;13;-103;41;24;134;29;127;32;4;-14;-4;108;202
43;147;-32;155;43;-159;370;218;-2;180;42;39;14;-6;182;224;8;144;61;15;-108;47;22;134;30;130;31;3;-15;-2;108;201
48;145;-33;155;37;-151;366;219;-3;178;44;37;12;-7;179;224;13;141;65;12;-115;52;23;133;32;130;32;5;-14;0;109;202
52;144;-31;149;30;-139;362;219;-5;180;43;34;12;-6;177;224;15;144;66;12;-120;55;22;135;33;130;32;13;-13;1;109;202
53;152;-34;139;23;-133;361;220;-7;180;39;37;11;-7;177;226;14;150;66;16;-121;54;23;135;33;127;34;15;-13;9;110;200
56;155;-41;133;17;-130;359;223;-10;179;39;40;8;-7;176;233;11;152;67;22;-118;52;23;135;34;125;37;15;-16;17;111;200
59;156;-48;132;16;-123;352;223;-13;180;38;37;5;-2;171;233;10;152;70;30;-116;52;20;134;35;126;37;15;-17;19;114;200
60;161;-52;134;15;-116;349;219;-14;178;38;33;0;0;171;233;13;150;75;33;-119;57;17;134;32;127;36;14;-17;21;118;200
68;159;-53;133;11;-106;345;221;-15;174;38;31;-2;-2;169;238;17;149;78;32;-121;61;19;131;34;127;38;19;-13;22;119;198
71;154;-53;127;5;-96;339;223;-19;178;36;33;-2;-3;167;239;15;153;80;33;-121;60;22;128;36;124;42;27;-12;22;119;197
70;157;-56;120;3;-86;334;225;-21;179;34;34;-4;-2;167;241;14;155;80;38;-121;58;23;125;37;118;44;30;-12;24;122;194
72;159;-62;114;2;-76;329;225;-22;179;36;35;-8;0;163;245;12;155;82;46;-115;54;25;124;38;114;45;29;-12;26;126;193
75;159;-69;114;0;-68;321;227;-27;176;37;32;-14;4;159;247;11;154;85;50;-112;55;24;124;38;115;47;30;-12;28;128;189
76;158;-71;118;0;-57;315;225;-28;176;34;28;-18;8;159;246;13;151;87;51;-115;62;24;121;37;118;45;31;-12;26;130;186
80;152;-71;117;-1;-47;311;225;-28;177;35;30;-18;7;157;247;16;150;89;53;-115;65;24;115;37;116;44;38;-8;23;135;183
84;148;-71;113;-3;-37;305;230;-31;180;36;34;-18;8;155;251;16;154;88;55;-114;65;27;112;41;111;48;44;-3;20;138;181
82;148;-74;109;-4;-26;300;232;-34;179;37;34;-20;10;158;249;14;157;85;60;-113;64;27;112;43;108;51;47;0;21;139;178
80;150;-79;107;-1;-20;296;227;-34;176;39;33;-21;11;158;250;14;155;86;68;-107;62;28;112;42;109;51;47;1;21;143;177
81;150;-84;107;1;-14;289;224;-35;176;41;32;-24;14;155;252;15;152;87;72;-102;62;27;111;38;112;49;46;2;23;147;173
84;144;-85;108;0;-5;282;224;-39;178;41;28;-29;17;155;249;18;153;87;71;-103;66;26;105;37;111;50;48;5;23;149;169
88;137;-83;108;2;2;280;222;-40;180;41;29;-29;17;158;243;19;152;88;71;-103;68;29;98;40;107;53;52;10;19;152;168
89;133;-83;104;4;8;278;222;-42;182;43;31;-29;20;159;244;18;153;84;73;-99;67;34;97;43;104;54;55;10;16;154;167
86;136;-84;103;4;15;271;223;-42;184;46;34;-30;23;159;247;14;154;80;76;-95;63;35;97;41;104;52;58;11;18;158;164
83;135;-86;106;7;18;263;217;-40;181;49;34;-32;23;158;244;16;152;78;81;-90;60;36;95;39;104;52;56;11;20;161;164
82;132;-87;105;13;22;257;214;-38;182;51;31;-35;24;156;241;19;148;79;81;-84;59;35;93;37;104;52;54;9;18;163;161
81;130;-89;106;15;30;251;215;-39;186;51;33;-37;27;156;234;18;146;78;79;-84;61;32;88;36;105;50;55;7;16;168;156
83;124;-87;110;19;36;249;215;-38;186;53;33;-35;25;160;229;18;144;76;77;-87;63;33;86;38;103;50;57;13;11;174;154
82;120;-86;106;24;36;248;213;-35;186;53;35;-34;22;162;232;15;143;73;75;-83;59;35;87;40;104;50;58;17;6;175;153
75;122;-86;101;26;39;242;208;-34;186;55;37;-35;24;159;230;12;145;68;75;-78;53;37;88;37;103;48;60;14;6;175;150
72;122;-84;101;28;44;239;201;-30;184;59;37;-38;25;157;221;13;142;65;77;-78;50;36;89;34;102;50;58;11;6;178;149
71;120;-85;104;37;43;242;199;-28;185;60;36;-41;26;159;216;15;138;63;75;-75;47;35;87;35;102;50;54;9;6;180;149
68;118;-86;104;41;46;239;196;-30;187;58;33;-43;31;160;213;15;136;60;69;-75;46;37;86;36;104;49;51;9;3;180;148
67;115;-85;103;43;50;237;191;-26;187;60;33;-42;31;165;208;12;135;57;65;-78;42;39;85;36;103;49;52;12;-4;182;147
66;114;-80;100;48;48;237;187;-21;187;62;36;-39;24;167;209;11;133;55;64;-79;36;40;88;34;101;49;54;13;-9;182;147
60;114;-78;97;48;50;234;184;-20;189;63;37;-39;24;162;210;9;132;52;61;-78;29;41;89;31;102;47;53;10;-7;181;148
55;114;-79;97;50;53;233;180;-18;188;66;39;-41;31;159;201;11;129;48;61;-78;24;41;89;30;101;47;50;6;-5;182;150
52;114;-78;98;58;49;233;177;-14;185;69;38;-43;31;161;194;13;125;47;61;-78;21;39;91;31;101;46;45;3;-5;183;153
48;116;-78;94;61;47;232;175;-11;184;67;34;-45;32;162;195;13;125;44;56;-81;21;38;91;32;104;42;42;1;-6;182;152
46;117;-79;93;59;51;232;170;-7;185;64;33;-43;30;163;193;12;126;40;52;-87;20;40;93;31;104;40;45;1;-8;179;152
45;117;-75;88;60;53;233;164;1;185;67;36;-36;22;164;189;11;124;38;52;-91;15;41;95;30;104;38;48;-2;-9;179;156
41;121;-72;78;60;53;234;159;4;183;69;38;-36;22;159;188;11;125;34;50;-92;9;40;94;26;105;35;45;-8;-7;179;157
37;122;-71;76;59;50;234;155;6;181;68;38;-42;31;155;183;12;122;29;47;-93;5;40;94;26;103;35;40;-11;-3;177;158
35;123;-71;74;61;49;236;151;10;179;68;33;-45;35;159;180;15;118;28;46;-94;1;41;99;29;103;34;35;-14;-2;175;164
31;129;-72;70;62;48;236;150;13;180;64;26;-45;34;160;183;14;119;28;44;-98;0;39;103;30;105;28;32;-18;0;172;165
29;133;-70;68;60;52;235;147;14;180;60;29;-39;32;155;183;13;119;26;39;-106;-1;41;102;31;106;25;34;-18;-1;171;165
30;134;-65;64;60;54;235;141;19;175;61;35;-33;29;154;179;13;116;24;36;-108;-6;43;101;32;103;26;36;-18;0;169;167
27;137;-66;58;59;54;235;140;21;171;61;33;-36;31;148;178;15;115;23;35;-111;-11;42;103;31;101;25;31;-23;5;168;169
25;141;-69;51;54;55;235;139;24;168;59;28;-44;36;146;178;18;116;21;35;-115;-14;43;104;34;99;22;27;-26;10;167;170
25;145;-67;49;51;57;236;137;28;164;57;23;-43;34;151;177;20;113;22;34;-118;-17;45;107;35;100;21;23;-26;10;163;174
22;151;-66;44;50;57;235;136;26;167;51;17;-40;31;149;181;21;116;25;32;-120;-17;45;109;37;102;17;20;-30;11;157;176
22;155;-67;35;45;65;232;131;26;167;47;18;-40;33;140;180;21;120;25;31;-125;-20;42;109;39;101;15;23;-32;11;155;174
25;155;-65;31;40;73;232;125;31;160;49;23;-39;31;136;177;23;118;24;32;-128;-21;43;108;40;98;15;25;-31;11;153;174
24;159;-65;28;38;75;231;125;33;154;51;21;-43;32;133;179;26;119;22;31;-130;-21;45;106;41;98;15;22;-34;14;153;176
25;162;-69;21;34;80;231;126;33;150;49;16;-51;39;131;182;28;122;21;32;-129;-24;47;106;43;97;15;21;-36;16;153;176
24;165;-71;17;33;87;229;127;34;148;49;13;-50;38;131;181;30;121;23;34;-130;-26;48;108;45;96;15;20;-38;17;151;177
24;169;-69;14;32;94;224;129;30;148;44;11;-47;31;130;184;31;122;26;33;-134;-26;46;110;43;98;12;17;-38;15;146;175
25;172;-71;7;24;105;218;127;24;147;37;13;-49;32;121;186;32;124;26;33;-139;-23;44;107;44;96;12;21;-38;15;143;171
27;172;-73;4;20;116;216;124;27;141;39;16;-49;34;115;183;36;122;28;33;-139;-23;41;104;46;92;12;25;-36;17;139;170
32;173;-71;-2;22;121;216;127;30;134;40;11;-53;36;116;187;38;121;28;35;-138;-24;43;106;44;90;10;26;-38;22;138;171
36;177;-75;-7;21;123;216;128;29;131;36;4;-63;41;116;193;38;123;27;39;-139;-25;46;104;45;88;11;24;-41;24;137;169
39;179;-79;-10;21;131;213;129;27;129;34;2;-64;41;115;192;39;124;29;44;-139;-28;47;103;47;85;13;23;-41;21;135;168
39;180;-77;-14;21;140;205;130;24;129;33;2;-60;36;112;191;43;124;34;49;-138;-28;44;104;46;85;12;24;-41;17;130;169
41;182;-77;-22;14;152;199;128;19;128;29;2;-62;37;106;191;45;123;38;49;-140;-23;43;102;44;84;9;26;-42;17;129;163
46;181;-78;-27;8;166;196;126;21;120;29;3;-67;41;105;193;48;122;37;49;-139;-22;45;99;45;80;9;30;-43;19;131;160
51;180;-79;-29;10;173;197;130;27;116;30;0;-69;42;107;195;52;124;36;54;-136;-25;47;97;45;78;11;30;-45;20;134;162
52;183;-80;-30;14;176;193;130;21;118;28;-4;-74;42;105;196;53;123;38;61;-132;-28;48;95;46;73;12;31;-45;18;137;162
52;180;-82;-30;14;182;187;129;16;118;28;-1;-76;41;103;196;55;122;39;63;-125;-29;48;94;49;68;15;33;-43;13;138;157
54;179;-80;-33;13;192;180;131;10;115;29;0;-74;36;102;191;58;123;40;64;-121;-25;47;95;49;69;14;33;-42;8;136;154
54;180;-81;-41;11;207;171;131;8;114;30;-5;-76;39;102;190;61;121;42;67;-122;-22;47;95;49;70;12;36;-43;6;137;149
55;180;-83;-45;9;218;170;131;10;110;31;-5;-80;41;103;192;63;119;40;68;-121;-23;49;94;49;69;11;42;-42;4;140;144
58;177;-85;-43;12;221;169;135;10;106;32;-5;-82;38;103;191;65;120;37;71;-114;-24;50;90;48;67;12;44;-41;2;146;144
56;175;-85;-42;15;227;165;134;4;110;30;-9;-84;41;101;189;65;121;36;76;-107;-26;52;87;49;63;17;44;-40;-1;148;141
58;171;-86;-44;18;234;160;129;2;111;32;-9;-88;47;98;185;68;119;37;81;-98;-29;54;84;52;58;19;43;-39;-6;149;135
61;167;-81;-47;20;241;155;127;0;109;36;-9;-91;47;99;178;70;116;39;82;-96;-29;53;85;54;59;18;44;-39;-12;151;131
58;167;-81;-52;18;250;151;125;-3;106;38;-12;-92;48;102;177;74;116;39;81;-95;-28;54;84;52;61;19;47;-38;-14;154;125
58;165;-85;-55;19;259;151;123;0;103;40;-10;-93;48;103;176;75;112;40;81;-92;-27;55;81;51;62;20;50;-39;-16;158;122
61;159;-85;-51;26;260;149;126;2;103;43;-9;-95;49;103;173;75;110;36;82;-83;-30;57;80;49;59;22;50;-37;-20;162;124
60;155;-85;-49;30;262;141;129;-6;107;41;-10;-96;51;103;167;74;109;32;86;-76;-34;60;76;50;56;25;49;-36;-21;164;122
59;152;-87;-48;31;269;136;122;-7;106;43;-10;-100;54;103;162;74;108;32;90;-70;-34;60;74;53;55;27;49;-36;-25;166;114
62;147;-83;-52;34;272;135;117;0;101;48;-10;-104;55;106;154;77;103;35;88;-66;-37;62;75;54;57;27;49;-38;-28;167;111
59;148;-81;-56;33;275;136;118;2;100;51;-9;-103;55;110;146;80;100;34;86;-65;-40;65;75;51;59;25;48;-39;-26;169;108
54;147;-83;-56;36;275;136;112;3;100;50;-5;-103;51;113;143;79;96;29;84;-60;-43;67;74;48;60;26;50;-40;-27;175;104
55;142;-83;-51;45;272;137;111;6;98;53;0;-104;52;110;139;77;96;23;85;-52;-48;67;69;49;58;28;53;-41;-31;179;104
55;139;-80;-51;51;274;131;114;5;100;56;-2;-105;57;106;130;77;95;20;87;-48;-51;72;65;51;56;32;50;-44;-34;179;102
53;138;-78;-53;50;284;126;106;6;102;59;-2;-109;60;107;122;78;89;18;88;-46;-54;74;63;55;57;34;49;-45;-35;178;94
52;135;-76;-55;50;286;130;100;13;99;60;0;-111;60;109;115;79;84;18;84;-43;-59;75;66;55;60;34;49;-46;-37;179;91
48;136;-75;-60;52;286;131;101;18;99;61;3;-106;61;109;110;81;81;15;81;-44;-65;75;68;52;60;32;50;-47;-40;180;91
46;139;-75;-61;57;287;130;101;19;100;62;6;-102;59;108;107;82;78;9;79;-41;-69;75;68;49;59;31;53;-48;-42;184;89
47;136;-69;-57;64;281;131;99;20;100;64;10;-104;59;107;104;77;77;1;76;-38;-72;77;64;51;57;34;53;-48;-46;186;88
46;133;-66;-58;65;280;126;99;22;99;67;7;-104;64;108;98;76;75;-5;75;-37;-75;80;64;56;58;37;51;-49;-46;184;87
44;133;-67;-61;62;287;122;94;28;100;69;5;-104;68;109;90;78;68;-7;74;-37;-79;82;66;57;59;37;49;-49;-45;183;83
43;132;-62;-64;63;290;125;89;37;100;68;7;-103;67;112;84;79;62;-6;68;-36;-84;84;71;55;61;34;49;-50;-48;183;81
38;135;-61;-71;64;288;129;89;44;99;68;10;-98;66;112;80;79;62;-11;65;-36;-90;86;73;51;66;30;50;-51;-47;182;82
33;135;-64;-71;64;287;131;86;46;97;69;13;-94;65;111;77;78;61;-18;64;-33;-95;87;70;50;64;28;52;-54;-44;180;83
36;132;-58;-67;68;280;133;82;50;95;70;14;-94;70;108;74;77;60;-24;62;-31;-98;90;70;51;60;29;52;-54;-43;182;85
38;129;-53;-71;68;277;130;81;56;91;71;13;-96;77;105;72;77;58;-27;60;-33;-100;95;71;54;59;32;46;-53;-41;179;83
33;131;-54;-74;63;284;126;77;61;90;71;10;-95;79;103;67;79;53;-27;54;-34;-103;98;72;58;61;29;44;-55;-37;175;81
31;132;-51;-75;63;286;129;74;66;90;68;12;-91;77;102;62;80;51;-30;49;-37;-106;97;78;58;64;23;47;-54;-36;173;83
28;136;-48;-79;62;283;131;75;68;90;66;15;-84;75;99;60;78;52;-33;45;-37;-112;96;81;54;65;20;48;-53;-33;169;82
23;139;-49;-81;60;284;129;75;69;86;65;20;-83;75;95;57;78;50;-38;42;-36;-115;96;78;53;64;18;45;-56;-27;169;80
27;134;-47;-77;62;281;130;72;74;79;67;18;-84;77;92;55;81;49;-37;40;-37;-113;99;78;58;60;19;42;-55;-26;168;81
32;131;-43;-78;63;281;131;71;79;77;66;12;-85;81;86;54;83;48;-38;35;-41;-114;102;82;61;60;19;39;-53;-24;163;82
30;135;-43;-84;54;289;129;70;81;79;62;11;-85;81;82;53;84;46;-41;32;-42;-117;103;84;61;63;15;38;-51;-21;156;79
26;140;-41;-85;50;292;130;69;82;78;57;14;-82;78;81;54;82;47;-44;29;-41;-121;101;88;61;67;12;42;-49;-17;151;77
22;144;-42;-87;53;291;133;68;85;75;55;16;-80;77;76;53;80;49;-43;26;-43;-120;99;89;60;66;12;41;-50;-14;148;77
21;146;-43;-89;52;294;131;68;87;73;55;17;-79;79;68;53;82;45;-42;23;-45;-118;101;87;60;63;10;39;-49;-12;146;76
26;142;-42;-87;53;295;130;66;90;68;52;18;-80;79;64;55;85;42;-42;20;-44;-118;105;88;62;60;9;38;-44;-12;146;75
32;143;-40;-88;51;297;131;68;94;63;48;16;-80;80;61;57;86;43;-42;18;-44;-120;105;93;64;60;10;37;-41;-13;141;75
32;147;-41;-93;46;305;127;70;95;65;43;13;-80;81;55;57;85;43;-45;18;-44;-119;104;93;64;61;7;37;-40;-11;133;73
30;150;-41;-96;43;314;123;68;93;65;38;14;-78;78;51;56;86;41;-44;21;-43;-118;102;93;64;59;5;39;-38;-9;130;69
28;153;-40;-98;43;316;123;68;94;60;37;15;-76;76;47;59;87;41;-42;17;-43;-116;101;96;63;57;4;38;-35;-7;130;69
26;154;-45;-102;41;319;122;67;97;57;36;16;-78;76;41;60;88;41;-40;15;-43;-112;100;96;62;56;1;37;-31;-7;129;71
31;150;-45;-101;41;326;119;66;98;55;34;13;-80;75;40;61;92;39;-40;16;-41;-112;101;99;65;53;0;39;-27;-10;126;71
39;148;-42;-102;41;328;118;67;99;53;28;10;-80;73;37;65;92;44;-40;19;-36;-112;98;103;67;53;0;37;-22;-11;117;70
38;151;-44;-106;37;335;114;69;97;52;23;7;-79;73;29;64;92;47;-41;22;-35;-107;97;102;66;53;-1;36;-22;-9;111;68
38;153;-44;-110;35;346;112;69;93;52;21;6;-79;72;23;63;96;44;-37;22;-32;-105;98;103;67;49;-2;36;-23;-9;109;66
40;154;-42;-111;37;349;112;66;94;50;21;5;-79;72;18;67;98;43;-34;20;-29;-104;98;106;67;48;-6;35;-21;-10;109;66
39;156;-44;-111;36;349;109;62;92;48;20;4;-83;76;13;71;97;43;-37;19;-27;-102;99;106;68;48;-8;33;-18;-8;107;68
44;152;-46;-112;36;353;108;62;91;45;18;2;-84;77;14;71;102;43;-37;21;-18;-102;98;107;68;46;-5;35;-14;-11;105;68
50;149;-43;-111;37;355;104;65;90;44;17;-2;-83;72;13;73;104;46;-36;24;-12;-100;94;110;71;44;-3;34;-10;-14;101;66
50;153;-44;-114;36;359;95;67;88;44;13;-3;-83;70;9;70;104;46;-34;23;-10;-94;93;110;72;42;-5;32;-10;-13;96;65
48;153;-48;-117;32;368;88;67;86;43;11;0;-84;71;8;66;109;39;-29;21;-4;-91;95;108;73;41;-6;33;-10;-13;98;61
48;149;-48;-117;30;372;87;60;86;41;11;-1;-86;70;6;66;115;37;-27;19;4;-92;99;111;73;41;-5;32;-5;-18;101;61
51;148;-49;-120;33;373;88;57;84;41;9;-5;-91;72;3;68;115;43;-30;21;12;-93;100;112;71;41;-8;30;-3;-21;101;64
54;146;-52;-117;36;375;86;60;82;40;5;-6;-93;72;3;69;115;44;-30;25;21;-94;101;111;73;39;-5;31;-1;-23;100;63
55;145;-50;-113;35;375;81;62;80;38;4;-7;-94;67;3;69;117;42;-26;26;26;-91;102;110;78;38;-1;28;0;-28;99;60
55;145;-51;-115;36;377;73;59;80;37;3;-11;-95;67;-3;67;120;42;-23;24;27;-88;102;108;79;38;-1;25;0;-32;98;58
54;144;-52;-121;33;387;64;57;82;35;3;-8;-95;67;-8;63;126;40;-22;21;32;-89;104;106;80;39;-2;26;1;-34;101;56
56;141;-51;-121;30;394;62;55;80;33;4;-5;-95;64;-9;62;127;39;-22;22;41;-94;107;108;78;39;-3;26;5;-38;105;56
58;138;-54;-118;34;391;66;58;76;36;-1;-8;-98;65;-10;62;124;42;-25;23;49;-93;109;107;77;41;-2;21;5;-42;104;59
59;137;-57;-116;39;386;63;62;73;37;-3;-8;-100;65;-10;59;125;41;-22;26;56;-93;110;104;79;37;3;19;3;-45;104;59
62;134;-54;-110;41;385;58;60;71;33;0;-9;-97;62;-10;58;129;38;-19;27;60;-95;111;106;81;34;6;15;4;-47;105;57
63;130;-51;-107;42;385;54;56;71;29;2;-10;-98;61;-14;56;130;37;-19;20;60;-94;111;105;80;38;7;12;5;-49;103;55
60;130;-51;-112;41;390;50;53;74;25;1;-8;-97;62;-14;49;131;34;-20;17;64;-94;114;101;79;39;5;13;6;-54;105;55
63;129;-55;-118;36;393;50;52;78;23;2;-5;-94;62;-13;48;135;32;-22;20;74;-102;118;102;77;38;5;15;7;-54;109;55
66;128;-55;-115;42;384;53;52;77;24;-1;-7;-96;64;-13;47;132;35;-25;22;80;-104;123;100;75;38;6;11;7;-53;109;57
65;127;-54;-111;50;377;52;54;77;24;-3;-5;-96;64;-11;46;133;31;-24;23;82;-105;127;98;77;37;9;8;5;-54;107;59
68;122;-50;-105;52;375;46;52;80;20;0;-2;-91;61;-11;43;138;26;-19;22;85;-110;132;100;79;36;12;7;4;-56;106;58
72;118;-42;-105;51;377;42;47;83;20;1;-4;-90;60;-14;39;137;26;-23;15;86;-114;134;100;77;36;11;5;3;-55;105;57
69;119;-41;-112;49;378;41;46;88;18;1;-1;-89;61;-15;34;136;26;-30;13;88;-115;137;97;76;38;12;5;3;-56;107;57
69;122;-44;-115;48;374;43;47;89;17;0;-1;-83;61;-12;30;138;27;-32;14;95;-121;141;96;76;38;11;6;3;-57;110;57
69;122;-44;-109;54;365;40;46;89;20;2;-2;-81;60;-10;27;137;25;-33;11;98;-122;146;97;74;38;11;5;3;-58;110;58
67;121;-39;-104;58;362;35;45;93;21;3;-1;-81;58;-9;23;137;21;-34;10;99;-123;151;98;77;39;14;2;4;-58;110;59
70;115;-34;-99;55;360;33;44;96;17;5;3;-74;56;-6;19;142;15;-29;9;101;-128;154;100;77;38;17;0;4;-58;110;58
74;110;-26;-103;52;364;34;41;99;15;6;2;-68;56;-8;18;143;18;-32;1;102;-132;157;101;75;40;15;-3;3;-57;111;58
71;116;-26;-109;50;364;35;40;101;18;4;1;-67;57;-13;15;138;21;-39;-3;103;-131;158;101;74;42;13;-3;4;-58;113;58
69;119;-29;-108;50;356;36;42;104;17;3;4;-65;60;-14;12;136;20;-42;-3;104;-131;165;100;75;43;16;-5;6;-60;114;58
68;116;-28;-101;54;349;37;42;105;14;2;3;-61;61;-16;14;138;19;-44;-8;107;-132;172;103;77;44;18;-6;8;-59;114;58
69;116;-25;-95;56;343;34;38;109;13;1;4;-59;58;-14;12;141;15;-44;-10;107;-133;173;105;78;44;18;-7;12;-56;115;57
73;112;-19;-91;55;341;29;36;115;9;2;8;-53;55;-14;11;143;11;-41;-14;108;-134;175;107;80;45;20;-10;14;-55;117;56
77;106;-12;-93;50;341;29;38;117;7;1;10;-47;51;-17;12;139;14;-43;-20;107;-134;178;108;80;48;19;-12;15;-55;115;57
74;108;-11;-97;49;339;30;38;115;9;-3;12;-44;53;-20;9;134;15;-45;-25;105;-129;179;110;79;51;17;-12;16;-53;115;58
71;112;-12;-96;51;331;31;36;118;6;-5;12;-42;54;-17;6;134;12;-47;-29;106;-129;185;110;78;50;17;-11;19;-49;115;56
74;112;-11;-90;55;322;30;33;119;2;-6;10;-39;51;-17;8;133;12;-50;-31;109;-129;189;110;75;49;17;-14;21;-46;113;55
74;108;-9;-85;58;319;28;31;120;1;-10;9;-37;47;-18;6;134;11;-50;-32;109;-126;189;111;76;49;17;-17;23;-42;111;54
78;102;-4;-87;56;320;29;32;127;-4;-12;12;-31;43;-18;5;137;6;-45;-32;109;-125;190;115;78;51;18;-19;24;-40;112;53
80;102;-1;-87;52;320;28;33;129;-5;-13;14;-25;39;-20;9;133;6;-46;-35;106;-123;192;117;76;51;16;-21;25;-40;110;53
78;105;-2;-91;49;318;24;34;126;-4;-19;12;-25;41;-24;10;127;7;-50;-39;104;-118;192;118;72;54;14;-20;29;-36;107;52
77;109;-4;-89;50;313;23;30;127;-6;-24;13;-22;42;-25;9;127;7;-53;-40;106;-114;194;117;70;54;14;-19;31;-29;106;51
79;109;-4;-85;54;310;25;27;128;-7;-24;10;-17;39;-30;12;126;7;-54;-41;111;-112;195;117;70;51;13;-24;32;-25;105;50
83;108;-4;-83;55;310;24;31;128;-6;-29;7;-17;39;-34;16;122;5;-57;-41;112;-107;193;121;71;50;11;-28;34;-23;105;48
87;108;-3;-82;52;307;24;32;130;-7;-37;8;-15;36;-33;17;122;0;-55;-43;113;-100;191;125;73;50;10;-29;39;-23;104;48
88;108;-3;-83;50;306;20;32;133;-8;-39;8;-9;32;-29;19;121;-2;-53;-45;112;-96;190;130;71;51;8;-28;44;-23;104;47
85;110;-5;-88;48;309;15;29;131;-8;-41;5;-7;32;-30;22;116;-1;-56;-48;112;-87;187;130;68;50;4;-23;45;-22;102;48
82;112;-8;-87;50;306;13;27;132;-10;-46;5;-4;32;-30;23;113;-1;-56;-48;116;-81;187;129;66;47;3;-22;46;-18;102;47
83;112;-8;-86;51;303;17;29;134;-12;-46;2;0;29;-33;25;112;-2;-56;-45;122;-77;189;130;67;47;3;-26;48;-13;101;44
85;110;-6;-88;51;302;12;30;132;-9;-51;-1;3;31;-37;25;111;-4;-56;-44;128;-69;188;133;70;46;2;-29;50;-11;100;42
85;109;-7;-86;51;302;5;28;131;-10;-56;-1;5;32;-36;25;114;-8;-53;-44;131;-63;186;137;72;46;-1;-28;55;-12;101;42
87;106;-6;-87;48;303;3;24;133;-14;-56;-2;9;28;-34;32;114;-8;-53;-45;133;-58;184;137;70;47;-4;-25;60;-12;99;40
86;103;-7;-91;46;303;2;24;130;-13;-56;-4;11;28;-38;35;109;-6;-54;-46;137;-51;182;135;67;47;-5;-22;64;-10;98;38
84;103;-9;-91;47;302;-1;24;125;-15;-57;-4;15;28;-40;32;107;-5;-56;-47;145;-45;183;133;67;43;-3;-22;66;-8;99;39
82;102;-12;-87;48;297;-3;26;122;-16;-57;-7;17;24;-39;31;105;-6;-55;-45;152;-43;183;135;68;42;-1;-28;71;-4;98;38
81;99;-14;-87;48;294;-10;27;117;-14;-60;-13;16;24;-41;32;102;-7;-55;-44;158;-37;183;137;68;42;-4;-31;76;0;97;38
84;95;-16;-86;45;296;-16;24;112;-14;-62;-15;17;25;-38;29;104;-10;-52;-46;161;-33;181;139;67;44;-6;-28;82;-2;96;39
85;91;-16;-87;43;295;-15;21;113;-17;-62;-14;22;23;-35;32;105;-12;-48;-46;167;-30;177;139;65;41;-8;-25;85;0;95;39
85;87;-18;-92;40;291;-16;21;108;-17;-62;-15;24;20;-39;36;101;-12;-49;-48;171;-23;175;134;61;39;-9;-24;88;5;93;38
84;85;-25;-92;41;286;-18;20;106;-18;-65;-18;24;24;-42;35;96;-8;-50;-49;177;-15;176;132;64;37;-5;-26;89;7;94;39
82;86;-28;-89;43;280;-21;21;106;-19;-63;-20;25;26;-43;35;94;-9;-48;-46;185;-14;182;134;67;36;-3;-30;93;9;95;40
80;83;-30;-89;42;278;-28;21;104;-18;-64;-23;24;26;-44;37;92;-13;-45;-46;191;-13;182;137;65;38;-7;-32;98;11;93;38
82;80;-31;-89;39;282;-33;19;103;-17;-69;-23;26;26;-42;36;92;-16;-44;-48;196;-11;179;137;65;40;-10;-31;103;10;90;37
83;76;-31;-91;36;281;-33;20;104;-19;-71;-20;34;21;-39;36;94;-19;-41;-49;200;-8;176;132;65;38;-9;-29;104;11;89;39
85;73;-32;-94;33;277;-36;21;102;-19;-70;-18;39;19;-42;38;92;-15;-42;-53;204;-3;178;127;64;35;-8;-32;106;15;89;39
