1;1;1;1;1;1;1;1;2;2;2;2;2;2;2;2;3;3;3;3;3;3;3;3;4;4;4;4;4;4;4;4
25;1;8;12;-4;-10;14;8;22;4;5;14;-3;-2;13;9;21;3;7;14;-2;1;13;13;20;3;5;13;-5;-1;11;12
25;2;9;12;-3;-10;14;10;22;4;6;14;-5;-3;13;8;21;3;6;13;-3;0;13;13;20;4;3;12;-5;1;10;12
26;1;9;12;-3;-8;13;10;21;2;7;14;-3;-3;12;10;21;2;5;14;-2;1;12;13;20;5;4;12;-5;1;10;12
26;2;9;11;-2;-9;13;10;22;2;5;14;-2;-3;11;9;20;3;5;14;-2;1;13;12;20;4;4;11;-5;0;10;11
26;2;8;12;-2;-9;13;9;23;2;6;16;-3;-4;11;10;20;3;7;14;-2;0;14;11;19;5;3;11;-5;2;9;13
26;1;8;13;-2;-9;13;11;22;1;6;14;-4;-3;11;9;21;3;8;14;-2;-1;13;12;20;4;4;12;-5;0;11;11
27;1;10;13;-3;-9;14;11;22;3;6;12;-2;-3;12;9;20;3;7;13;-2;-1;13;12;20;3;5;14;-4;-1;12;10
26;0;11;13;-2;-8;13;13;20;5;5;13;-4;-4;14;10;19;3;7;13;-2;0;13;13;21;2;7;13;-3;-2;13;11
27;-2;10;14;-2;-6;12;15;22;5;4;14;-3;-4;14;10;21;4;6;13;-2;0;13;14;22;2;6;14;-4;-2;13;11
27;-1;11;13;-1;-5;12;15;22;3;5;13;-3;-4;12;9;20;4;6;14;-3;0;13;14;22;2;6;14;-4;-2;12;10
27;0;10;13;-1;-5;13;15;22;3;5;13;-3;-4;12;10;21;3;6;13;-3;0;13;13;21;2;5;13;-5;-1;11;10
27;0;10;12;-1;-6;12;11;22;3;6;15;-3;-3;13;10;20;3;6;13;-2;0;14;12;21;3;5;13;-5;-1;11;11
26;2;6;10;-2;-10;12;3;23;0;8;18;-2;-3;9;9;22;1;3;13;-3;2;10;17;20;4;2;10;-5;1;8;13
24;8;1;5;-6;-16;13;-8;22;-7;13;22;2;-3;4;7;29;-6;0;12;-6;7;2;24;19;9;-6;3;-7;7;1;18
24;11;-8;0;-12;-20;13;-17;22;-14;20;27;8;-5;2;0;40;-18;-4;15;-10;15;-8;33;17;18;-21;-6;-11;20;-10;24
31;9;-13;-6;-19;-16;8;-21;19;-14;28;27;15;-8;10;-17;52;-37;-1;21;-11;29;-23;44;17;29;-41;-11;-12;33;-18;24
42;1;-14;-7;-22;-10;-3;-24;13;-6;28;16;19;-17;20;-36;66;-59;11;34;-8;47;-38;51;24;36;-60;-17;-10;39;-22;17
51;-1;-15;-6;-22;-12;-15;-31;6;5;15;-1;12;-32;26;-47;68;-77;32;54;2;59;-47;45;43;31;-77;-22;-17;42;-21;7
61;1;-29;-12;-26;-25;-28;-33;-5;12;-2;-19;-6;-41;21;-47;58;-86;47;66;19;54;-41;24;72;2;-78;-12;-21;49;-20;2
75;-10;-42;-18;-38;-32;-53;-25;-16;26;-17;-32;-20;-30;7;-45;47;-82;52;59;35;30;-25;1;102;-40;-56;19;-8;52;-18;-8
89;-28;-39;-11;-44;-22;-94;-23;-20;43;-37;-44;-26;-22;-1;-46;43;-73;50;51;44;4;-8;-18;123;-71;-30;47;23;28;-2;-24
98;-39;-30;-5;-40;-15;-132;-35;-12;44;-62;-52;-34;-20;-9;-40;41;-62;43;44;49;-16;10;-36;133;-92;-9;59;49;-7;17;-38
94;-40;-30;-12;-39;-19;-150;-56;6;23;-72;-43;-36;-6;-30;-26;37;-44;22;27;49;-36;27;-46;133;-112;17;66;59;-27;28;-42
93;-42;-33;-20;-41;-16;-163;-73;24;2;-64;-21;-22;4;-44;-26;52;-34;-2;12;36;-42;27;-33;117;-110;34;62;67;-41;39;-37
98;-45;-27;-18;-43;-1;-187;-90;36;-15;-56;-8;-3;-10;-45;-36;79;-51;-9;17;23;-21;7;-7;91;-73;16;31;62;-56;41;-25
98;-44;-33;-26;-43;2;-197;-111;50;-39;-48;0;4;-22;-54;-40;93;-67;-6;24;24;-1;-8;4;76;-36;-27;-10;39;-53;25;-2
101;-39;-51;-45;-50;-8;-196;-130;66;-64;-36;7;11;-21;-71;-42;99;-73;-7;23;26;8;-15;6;78;-20;-65;-32;7;-14;-10;26
116;-43;-66;-53;-62;-10;-211;-140;70;-70;-27;1;16;-31;-74;-54;113;-88;-5;28;24;20;-27;15;85;-14;-92;-41;-14;29;-38;39
125;-50;-74;-51;-69;-12;-233;-153;63;-62;-33;-18;7;-45;-73;-64;123;-105;8;40;36;25;-32;12;102;-16;-110;-43;-22;50;-51;40
123;-50;-82;-58;-63;-21;-247;-168;60;-59;-42;-34;-9;-36;-91;-62;120;-104;15;43;58;-2;-16;-9;128;-37;-109;-19;-13;61;-61;34
128;-57;-86;-65;-63;-27;-261;-177;57;-48;-48;-44;-15;-16;-111;-64;118;-97;11;34;67;-35;4;-28;152;-71;-84;23;16;62;-60;13
141;-75;-76;-55;-67;-22;-284;-173;49;-33;-65;-61;-16;-15;-110;-77;125;-97;8;32;65;-44;11;-31;161;-99;-51;53;53;34;-30;-24
143;-85;-62;-47;-59;-22;-301;-176;45;-26;-90;-75;-24;-23;-109;-83;131;-90;5;29;68;-45;16;-34;163;-116;-23;69;78;-12;10;-52
142;-85;-59;-52;-47;-35;-309;-186;55;-31;-104;-69;-31;-13;-121;-76;132;-80;-8;18;67;-61;25;-38;169;-126;-1;79;91;-55;39;-57
152;-89;-60;-61;-53;-44;-327;-191;69;-41;-103;-52;-23;-9;-132;-78;143;-81;-22;9;56;-63;22;-30;168;-121;7;72;99;-84;51;-50
163;-99;-61;-67;-62;-42;-347;-195;78;-52;-103;-45;-9;-31;-126;-89;160;-91;-24;12;46;-38;6;-16;157;-96;-11;38;91;-103;55;-42
167;-98;-68;-80;-66;-43;-362;-210;93;-69;-102;-38;-3;-52;-127;-91;168;-96;-20;16;47;-21;-4;-13;151;-77;-39;-2;57;-97;40;-14
167;-89;-83;-100;-72;-52;-375;-229;113;-87;-89;-23;5;-56;-139;-83;169;-97;-26;13;51;-27;-3;-16;156;-69;-64;-24;20;-55;4;26
174;-91;-97;-109;-85;-46;-390;-243;114;-96;-72;-12;15;-64;-145;-92;183;-104;-34;13;57;-27;-4;-12;160;-59;-84;-33;1;-9;-32;48
179;-102;-95;-104;-90;-28;-405;-256;109;-95;-65;-19;21;-81;-142;-107;204;-119;-27;29;64;-18;-11;-12;162;-50;-104;-37;-4;18;-57;45
177;-106;-90;-104;-86;-22;-407;-273;119;-94;-68;-33;13;-88;-148;-107;204;-126;-14;40;78;-27;-4;-28;172;-60;-116;-31;0;40;-73;31
180;-111;-87;-106;-85;-37;-402;-287;132;-99;-69;-40;-2;-71;-166;-96;198;-121;-14;36;90;-49;14;-47;188;-89;-104;-3;11;61;-72;8
186;-119;-83;-99;-85;-50;-402;-294;131;-100;-72;-50;-12;-61;-180;-100;207;-119;-18;33;91;-57;22;-46;198;-111;-79;30;35;53;-53;-29
190;-121;-78;-94;-80;-59;-411;-295;125;-92;-82;-65;-21;-65;-185;-116;219;-121;-17;37;90;-56;16;-38;204;-123;-55;51;69;11;-17;-73
190;-115;-75;-102;-74;-77;-418;-300;131;-89;-94;-70;-31;-61;-195;-123;219;-120;-19;36;93;-68;16;-45;213;-131;-42;61;95;-33;19;-96
190;-109;-81;-119;-74;-103;-424;-308;139;-93;-94;-61;-29;-48;-206;-124;221;-112;-27;26;96;-79;19;-53;219;-139;-30;68;104;-61;41;-102
199;-113;-85;-125;-81;-111;-438;-308;137;-93;-91;-55;-17;-55;-202;-144;234;-113;-33;26;93;-68;11;-49;219;-139;-16;60;104;-88;57;-102
208;-121;-78;-123;-84;-102;-460;-305;136;-87;-100;-57;-3;-85;-186;-170;245;-127;-29;32;90;-51;2;-46;216;-128;-23;34;99;-109;62;-83
214;-125;-75;-125;-79;-97;-477;-314;150;-90;-108;-52;-1;-100;-175;-176;245;-132;-28;30;102;-53;8;-60;221;-120;-48;11;80;-101;46;-44
222;-133;-77;-132;-79;-92;-486;-330;169;-102;-105;-39;1;-96;-177;-173;245;-129;-36;24;108;-63;20;-73;226;-119;-64;-1;57;-64;7;-4
237;-146;-77;-135;-87;-82;-492;-345;185;-115;-99;-34;7;-103;-180;-176;251;-132;-42;23;103;-56;20;-74;222;-119;-75;-10;45;-25;-30;5
247;-157;-68;-133;-96;-74;-497;-360;204;-127;-101;-38;9;-119;-187;-174;254;-134;-43;21;102;-48;23;-74;221;-120;-90;-19;39;1;-52;-2
247;-158;-63;-137;-95;-81;-495;-382;223;-144;-101;-37;3;-113;-204;-161;255;-129;-51;12;106;-59;35;-82;228;-124;-99;-14;36;26;-63;-14
245;-152;-70;-148;-91;-94;-488;-405;230;-159;-83;-30;0;-94;-227;-164;264;-128;-67;7;107;-78;42;-82;233;-134;-92;2;47;40;-63;-45
247;-148;-73;-154;-95;-100;-485;-409;220;-163;-70;-30;10;-96;-234;-190;283;-142;-68;17;106;-74;32;-69;230;-140;-84;13;72;23;-39;-92
243;-149;-71;-157;-96;-106;-489;-408;210;-153;-74;-40;19;-112;-224;-213;293;-164;-50;31;115;-63;21;-71;231;-141;-84;20;91;-11;-2;-131
239;-147;-68;-159;-89;-115;-491;-413;207;-143;-82;-48;16;-114;-217;-226;294;-176;-36;37;131;-70;24;-83;246;-151;-79;28;100;-39;31;-149
245;-149;-67;-157;-80;-125;-495;-416;201;-134;-86;-56;10;-117;-214;-242;295;-180;-29;43;140;-76;28;-86;259;-168;-65;36;106;-62;50;-150
257;-157;-64;-153;-76;-128;-508;-409;197;-125;-99;-66;8;-132;-201;-259;292;-183;-17;52;148;-72;25;-88;268;-180;-54;37;111;-89;65;-144
266;-172;-57;-153;-71;-126;-520;-409;210;-122;-119;-71;3;-142;-192;-258;281;-175;-12;49;161;-81;30;-108;276;-182;-55;29;109;-102;61;-119
271;-177;-51;-157;-64;-135;-524;-425;237;-134;-126;-66;-3;-134;-205;-240;273;-154;-26;27;166;-100;45;-126;284;-191;-53;25;97;-91;35;-85
274;-177;-55;-166;-66;-147;-524;-435;258;-155;-120;-53;6;-129;-226;-229;281;-140;-52;7;153;-99;51;-118;280;-195;-47;21;91;-71;6;-65
278;-177;-58;-171;-70;-142;-534;-435;267;-173;-114;-45;24;-135;-233;-235;298;-141;-68;-1;143;-87;41;-107;264;-179;-51;7;92;-58;-13;-62
283;-181;-52;-176;-65;-130;-547;-446;277;-182;-110;-37;35;-138;-238;-242;313;-147;-78;-7;145;-85;33;-109;255;-161;-67;-8;84;-43;-31;-62
286;-188;-47;-182;-60;-134;-543;-466;286;-197;-92;-25;44;-136;-249;-250;329;-158;-86;-6;146;-84;34;-109;254;-152;-81;-16;73;-16;-52;-72
290;-193;-46;-188;-60;-144;-530;-471;286;-208;-74;-22;57;-145;-249;-272;348;-184;-78;11;144;-64;24;-102;255;-148;-85;-15;73;1;-57;-105
295;-198;-43;-191;-65;-145;-529;-468;280;-203;-74;-40;64;-170;-233;-294;357;-210;-52;35;155;-46;14;-107;267;-150;-90;-13;83;-4;-39;-146
299;-204;-34;-190;-64;-147;-536;-473;278;-191;-80;-60;50;-181;-227;-299;347;-212;-32;44;184;-62;25;-130;294;-162;-94;-10;83;-14;-18;-171
298;-205;-32;-193;-58;-161;-536;-483;281;-189;-80;-68;31;-176;-235;-299;334;-196;-31;40;201;-95;47;-150;325;-192;-82;6;87;-25;0;-188
296;-201;-33;-204;-58;-177;-530;-483;282;-188;-84;-73;28;-173;-237;-306;326;-186;-31;36;198;-115;55;-157;339;-218;-61;25;108;-44;17;-206
293;-200;-30;-210;-59;-182;-535;-475;285;-179;-94;-78;34;-177;-236;-306;322;-174;-28;27;199;-120;56;-163;339;-228;-44;38;128;-70;34;-211
285;-196;-23;-209;-46;-184;-542;-475;295;-176;-103;-77;34;-173;-243;-297;325;-157;-41;9;200;-129;63;-170;336;-232;-28;39;134;-95;45;-200
277;-186;-22;-211;-32;-191;-540;-479;305;-186;-101;-68;37;-166;-252;-298;335;-147;-65;-7;187;-123;62;-158;324;-226;-19;29;139;-109;48;-186
281;-182;-26;-216;-30;-192;-539;-477;311;-193;-93;-58;50;-170;-248;-316;353;-159;-76;-10;171;-97;45;-137;302;-201;-26;8;139;-115;42;-170
296;-193;-22;-216;-31;-183;-543;-472;321;-194;-88;-49;61;-184;-241;-329;367;-179;-70;1;171;-65;24;-131;285;-167;-49;-17;123;-111;24;-145
305;-204;-14;-211;-28;-184;-541;-479;336;-201;-81;-44;64;-191;-240;-327;370;-188;-65;10;184;-52;21;-137;290;-148;-76;-39;98;-82;-6;-125
312;-206;-11;-213;-24;-199;-530;-490;348;-209;-74;-47;69;-197;-239;-332;376;-192;-61;17;194;-54;25;-141;308;-153;-95;-48;81;-42;-37;-121
325;-214;-9;-217;-27;-204;-525;-490;353;-211;-70;-53;71;-209;-234;-345;381;-200;-48;31;210;-63;25;-147;325;-163;-103;-45;79;-15;-56;-140
335;-230;5;-214;-31;-199;-525;-489;354;-204;-68;-56;67;-211;-229;-348;372;-197;-36;38;235;-88;32;-164;341;-174;-102;-28;85;-1;-63;-169
332;-237;24;-214;-26;-203;-515;-497;356;-202;-64;-56;63;-202;-233;-345;363;-180;-36;32;245;-116;47;-181;357;-198;-88;1;100;8;-61;-203
321;-232;32;-220;-17;-220;-497;-501;355;-200;-57;-54;73;-201;-238;-348;363;-169;-42;21;240;-125;57;-186;367;-227;-59;30;133;-5;-41;-246
313;-223;36;-222;-15;-228;-486;-496;354;-192;-61;-57;86;-216;-230;-358;369;-173;-46;15;231;-120;53;-183;366;-238;-32;44;166;-45;-2;-281
304;-218;45;-219;-13;-229;-485;-491;361;-188;-70;-58;86;-221;-223;-362;373;-174;-51;11;232;-112;49;-179;360;-233;-18;45;176;-88;33;-290
296;-207;49;-224;-4;-233;-483;-491;368;-194;-68;-51;83;-219;-224;-366;374;-171;-61;4;230;-107;49;-177;355;-221;-16;35;175;-114;46;-275
298;-190;38;-238;1;-242;-478;-485;378;-199;-65;-44;90;-216;-222;-372;378;-176;-65;1;223;-92;40;-172;349;-203;-22;14;170;-121;39;-248
307;-185;24;-248;-7;-239;-482;-475;393;-197;-68;-45;99;-222;-213;-373;380;-186;-60;8;226;-77;30;-172;346;-178;-41;-12;155;-121;26;-223
317;-189;21;-249;-7;-229;-489;-476;406;-201;-73;-48;95;-228;-212;-371;383;-184;-59;13;241;-77;30;-177;347;-164;-70;-35;127;-103;-2;-192
324;-197;27;-244;0;-222;-484;-480;415;-212;-68;-45;89;-216;-224;-364;384;-175;-63;11;253;-89;39;-184;354;-163;-86;-48;107;-61;-44;-171
332;-208;33;-239;8;-220;-472;-483;414;-217;-56;-42;94;-199;-233;-369;387;-175;-67;9;255;-99;41;-189;358;-167;-91;-45;107;-28;-73;-178
346;-230;44;-229;17;-225;-459;-488;412;-211;-49;-37;103;-192;-232;-377;393;-183;-62;14;258;-100;39;-193;357;-171;-94;-35;111;-13;-83;-206
350;-252;69;-211;33;-238;-441;-495;412;-210;-47;-32;111;-195;-227;-386;393;-183;-57;16;262;-98;44;-201;362;-184;-91;-22;115;-4;-81;-242
341;-256;90;-198;49;-256;-416;-502;411;-212;-47;-33;125;-200;-223;-397;392;-179;-59;7;260;-99;47;-203;373;-206;-68;-1;133;-3;-67;-277
329;-244;100;-198;55;-275;-399;-498;409;-214;-47;-34;132;-207;-212;-409;395;-184;-62;7;253;-95;35;-196;378;-218;-43;18;159;-23;-42;-309
321;-230;101;-207;56;-283;-398;-481;401;-206;-42;-30;134;-220;-192;-422;395;-192;-57;10;256;-86;24;-194;374;-213;-32;21;173;-67;-5;-332
318;-215;95;-219;58;-285;-404;-464;395;-200;-40;-28;137;-231;-179;-424;385;-189;-48;10;263;-83;23;-204;377;-207;-30;16;177;-100;19;-335
315;-200;87;-233;56;-285;-402;-455;399;-198;-42;-32;146;-238;-176;-415;375;-178;-47;5;264;-87;26;-209;383;-206;-23;14;180;-111;22;-319
311;-193;77;-251;49;-278;-401;-446;410;-196;-49;-37;153;-251;-172;-410;375;-171;-53;4;270;-92;25;-210;379;-201;-19;3;179;-121;16;-296
317;-198;68;-256;40;-255;-411;-433;418;-197;-56;-40;147;-263;-164;-404;375;-167;-56;6;283;-96;25;-215;373;-185;-27;-19;167;-127;1;-269
325;-208;71;-246;46;-229;-416;-429;424;-200;-56;-43;140;-253;-173;-391;367;-156;-58;4;291;-108;33;-225;368;-174;-45;-34;151;-108;-29;-244
329;-218;76;-235;61;-222;-400;-440;439;-205;-55;-41;140;-229;-197;-376;363;-145;-64;-1;291;-117;45;-227;366;-169;-56;-40;141;-74;-65;-229
333;-231;81;-223;73;-231;-378;-450;455;-213;-56;-38;143;-215;-209;-373;368;-147;-71;-4;286;-112;43;-220;360;-163;-64;-44;135;-45;-89;-232
334;-244;94;-205;82;-247;-353;-458;465;-226;-54;-41;145;-211;-205;-383;379;-154;-72;-1;283;-101;35;-211;356;-158;-71;-45;131;-30;-96;-248
324;-245;116;-185;98;-265;-327;-465;465;-241;-40;-37;146;-203;-203;-397;395;-157;-67;-3;284;-105;34;-208;360;-162;-75;-36;136;-17;-97;-272
311;-229;129;-182;117;-292;-300;-466;449;-248;-21;-20;152;-194;-203;-410;406;-170;-63;-6;282;-105;29;-205;371;-168;-68;-19;153;-18;-88;-304
304;-212;122;-197;124;-321;-277;-452;428;-236;-7;-10;165;-198;-183;-430;411;-189;-51;-1;277;-95;15;-204;380;-171;-56;-5;172;-42;-65;-336
308;-212;115;-209;118;-332;-266;-428;413;-215;-1;-17;183;-221;-149;-452;407;-197;-32;6;278;-80;9;-208;385;-175;-48;4;181;-68;-37;-357
311;-217;120;-213;111;-324;-267;-401;403;-202;-7;-22;188;-249;-120;-460;398;-187;-17;9;287;-78;12;-221;397;-189;-33;13;189;-89;-20;-361
311;-217;127;-213;108;-310;-273;-379;397;-192;-13;-20;184;-263;-105;-446;383;-172;-16;6;298;-88;17;-238;410;-203;-15;15;192;-105;-12;-354
317;-218;126;-217;105;-290;-286;-355;394;-178;-18;-26;184;-267;-97;-426;365;-158;-23;5;301;-97;26;-249;415;-209;-3;8;187;-119;-8;-341
330;-227;123;-217;102;-268;-299;-340;404;-169;-26;-32;181;-268;-100;-405;355;-140;-26;-1;300;-99;38;-259;408;-207;-1;-4;176;-122;-13;-322
334;-236;134;-211;104;-254;-297;-343;430;-179;-37;-31;175;-256;-121;-376;348;-113;-35;-15;298;-108;51;-260;400;-200;0;-16;162;-107;-34;-297
324;-231;147;-204;110;-256;-283;-357;457;-202;-36;-26;171;-228;-146;-353;353;-97;-59;-26;288;-112;50;-243;384;-184;2;-28;150;-84;-61;-277
308;-219;149;-199;121;-266;-261;-372;472;-224;-18;-16;174;-205;-160;-357;372;-102;-82;-32;282;-102;39;-219;359;-153;-11;-46;145;-69;-78;-275
298;-206;148;-194;134;-271;-233;-384;479;-239;3;-6;184;-199;-160;-376;399;-120;-89;-30;282;-88;26;-200;343;-119;-36;-60;138;-54;-91;-283
292;-195;151;-192;147;-285;-200;-393;479;-246;18;1;193;-194;-149;-399;414;-149;-76;-18;282;-78;14;-188;343;-97;-57;-62;136;-37;-101;-297
289;-192;149;-191;150;-310;-162;-393;469;-245;32;7;202;-193;-132;-420;418;-175;-57;1;288;-68;1;-182;346;-92;-70;-54;143;-31;-98;-317
290;-194;146;-191;147;-329;-133;-372;450;-230;42;3;210;-202;-107;-442;412;-188;-35;18;306;-61;-8;-185;360;-95;-76;-42;150;-37;-83;-335
301;-201;149;-184;144;-331;-126;-344;433;-204;33;-14;213;-223;-71;-454;397;-186;-11;27;325;-73;-3;-205;384;-111;-73;-27;158;-49;-72;-343
312;-212;160;-171;144;-327;-132;-312;414;-177;13;-31;205;-238;-44;-447;371;-171;0;20;333;-102;12;-230;411;-148;-59;-3;169;-63;-63;-345
317;-220;170;-165;148;-331;-130;-282;401;-156;-5;-35;195;-236;-40;-419;349;-147;-3;6;326;-118;28;-248;426;-185;-27;22;187;-86;-51;-347
321;-220;178;-166;154;-331;-131;-258;400;-146;-16;-31;197;-229;-48;-388;333;-119;-10;-14;311;-118;38;-255;424;-199;7;35;204;-111;-42;-342
322;-219;187;-161;156;-321;-140;-242;411;-144;-22;-27;206;-228;-58;-365;324;-93;-28;-35;294;-114;42;-251;410;-199;31;34;209;-127;-43;-323
312;-216;201;-149;162;-310;-141;-243;428;-158;-28;-17;214;-228;-66;-348;326;-74;-58;-55;279;-109;40;-237;387;-185;44;23;206;-135;-52;-303
295;-200;209;-147;176;-310;-126;-258;445;-182;-22;2;218;-217;-77;-336;339;-74;-83;-66;266;-88;31;-216;364;-154;43;-1;198;-137;-61;-292
280;-176;203;-155;181;-307;-108;-269;458;-204;2;24;225;-204;-87;-337;356;-94;-90;-54;259;-63;13;-195;343;-112;24;-37;178;-127;-77;-284
279;-165;190;-159;173;-298;-93;-268;466;-215;26;37;236;-201;-86;-349;366;-118;-74;-31;268;-51;-5;-182;329;-75;-11;-69;149;-103;-100;-277
285;-168;176;-157;166;-294;-70;-271;469;-220;38;39;242;-200;-76;-361;371;-137;-50;-4;293;-57;-12;-178;331;-57;-48;-90;122;-62;-123;-277
286;-169;169;-152;167;-298;-41;-277;467;-219;39;29;237;-193;-65;-370;373;-149;-30;16;319;-73;-12;-182;346;-57;-71;-98;106;-23;-139;-287
289;-167;165;-148;169;-308;-15;-269;454;-210;46;20;226;-185;-57;-378;366;-152;-9;23;331;-91;-7;-194;364;-70;-84;-90;104;-5;-142;-299
298;-171;165;-135;170;-317;2;-244;429;-189;49;12;222;-181;-44;-381;355;-144;12;18;329;-109;2;-206;384;-98;-80;-60;115;-1;-135;-310
302;-181;170;-118;182;-326;14;-218;405;-163;34;3;224;-181;-29;-374;346;-131;17;1;319;-119;12;-213;397;-128;-50;-18;145;-12;-119;-328
295;-186;184;-107;201;-345;29;-204;396;-141;17;-5;224;-181;-22;-360;339;-110;10;-23;299;-117;17;-210;396;-146;-9;18;183;-50;-90;-342
286;-186;199;-93;211;-358;34;-183;393;-132;10;-6;229;-187;-14;-351;329;-90;-3;-44;276;-99;12;-199;386;-146;26;41;212;-103;-56;-337
278;-187;211;-82;213;-349;30;-160;385;-127;3;-1;234;-198;1;-347;322;-78;-18;-60;261;-84;4;-191;374;-131;46;44;227;-147;-32;-320
274;-181;220;-80;214;-334;24;-146;386;-125;-7;3;237;-204;12;-332;319;-69;-35;-66;251;-69;-1;-183;360;-110;54;30;225;-173;-30;-297
271;-170;223;-89;212;-329;24;-141;399;-133;-3;13;236;-205;5;-310;316;-66;-44;-60;248;-53;-3;-173;346;-77;44;-1;203;-178;-47;-267
270;-164;214;-101;202;-324;30;-139;413;-147;10;25;242;-205;-3;-297;315;-66;-45;-48;258;-50;-3;-168;341;-47;18;-38;166;-155;-78;-234
274;-163;200;-108;188;-305;38;-133;419;-157;17;29;247;-204;-4;-292;315;-68;-41;-32;274;-61;3;-170;343;-33;-11;-68;127;-106;-117;-208
276;-162;197;-105;183;-287;49;-139;421;-160;21;25;246;-194;-7;-289;317;-70;-34;-20;290;-81;13;-173;346;-29;-34;-88;103;-61;-151;-200
273;-155;194;-101;193;-289;73;-149;422;-166;32;29;237;-175;-15;-288;324;-73;-27;-12;299;-93;19;-169;347;-30;-50;-89;92;-29;-174;-209
269;-151;184;-93;207;-298;104;-147;414;-170;47;37;234;-156;-16;-293;329;-81;-13;-4;299;-100;22;-162;348;-30;-57;-75;97;-3;-184;-228
265;-151;179;-77;213;-309;131;-133;400;-159;55;35;243;-152;-1;-301;328;-83;-1;-7;294;-106;21;-160;344;-38;-54;-51;113;7;-175;-254
255;-151;187;-55;222;-326;152;-117;385;-138;51;24;244;-156;20;-302;326;-78;3;-12;287;-104;13;-155;337;-48;-35;-21;136;-9;-142;-285
240;-143;200;-40;236;-350;172;-99;371;-123;43;16;236;-159;32;-294;319;-71;5;-18;277;-90;3;-146;331;-54;-8;4;165;-52;-96;-309
232;-127;199;-36;242;-362;183;-70;356;-112;37;13;231;-163;46;-288;307;-61;5;-27;264;-73;-9;-142;329;-55;13;24;188;-104;-52;-308
236;-123;194;-36;234;-363;177;-35;342;-93;34;15;234;-169;61;-276;298;-51;4;-39;253;-61;-17;-146;327;-53;26;34;196;-136;-30;-291
241;-126;199;-37;227;-361;167;-12;337;-73;26;18;241;-177;67;-257;288;-37;-5;-48;246;-53;-17;-147;326;-51;42;31;193;-155;-26;-268
241;-125;202;-42;226;-360;169;-6;342;-69;17;25;241;-181;62;-236;282;-25;-16;-52;239;-46;-15;-144;326;-47;53;16;182;-165;-36;-232
240;-122;200;-45;218;-348;173;-5;351;-78;20;37;244;-174;54;-224;276;-18;-22;-50;237;-40;-13;-142;325;-34;46;-8;163;-159;-60;-190
240;-122;200;-40;204;-325;167;1;351;-81;31;47;249;-168;50;-222;276;-16;-24;-46;244;-40;-3;-142;321;-18;29;-32;142;-132;-98;-158
245;-124;205;-29;202;-301;168;1;351;-80;35;49;244;-160;48;-221;279;-20;-27;-36;245;-49;12;-137;313;-1;14;-50;122;-91;-142;-147
249;-126;207;-19;211;-296;190;-12;361;-85;37;48;237;-144;46;-221;279;-27;-22;-26;243;-57;18;-125;300;12;2;-60;107;-53;-172;-152
243;-124;204;-9;216;-313;225;-23;371;-97;42;48;236;-129;49;-223;282;-35;-9;-20;249;-67;16;-115;294;16;-11;-62;100;-21;-178;-166
234;-116;202;4;211;-326;251;-16;368;-102;49;44;235;-131;60;-224;284;-40;7;-14;254;-73;10;-109;290;19;-15;-60;102;-6;-168;-189
229;-105;207;16;213;-329;265;2;352;-95;52;35;227;-138;78;-222;278;-41;12;-16;251;-78;8;-102;290;22;-15;-47;116;-19;-142;-221
226;-93;206;18;224;-345;286;16;336;-79;50;33;226;-137;88;-215;269;-36;15;-28;238;-76;2;-92;288;17;-8;-25;135;-47;-104;-242
229;-84;195;14;225;-367;307;32;323;-64;51;42;231;-137;94;-205;259;-27;21;-39;227;-66;-8;-89;286;13;4;-7;150;-78;-66;-242
231;-83;188;14;215;-375;313;55;307;-47;53;48;237;-149;107;-193;247;-14;20;-45;218;-53;-13;-93;291;9;19;3;161;-109;-40;-224
226;-86;195;27;206;-361;302;77;290;-29;47;43;241;-166;120;-180;238;1;17;-47;206;-43;-10;-97;295;2;32;9;167;-138;-30;-195
220;-81;205;39;208;-345;293;90;278;-17;40;38;234;-164;116;-163;228;15;15;-52;201;-39;-1;-99;292;2;38;8;168;-160;-32;-159
219;-71;202;39;207;-336;294;97;276;-14;37;38;223;-147;105;-147;220;23;15;-54;200;-41;6;-99;285;12;40;2;159;-162;-46;-126
220;-67;194;39;200;-328;297;101;280;-15;38;39;217;-135;100;-137;214;28;14;-49;202;-46;14;-96;274;22;41;-7;142;-144;-76;-98
214;-65;193;50;199;-321;304;96;286;-20;36;37;215;-123;97;-127;217;34;8;-47;203;-53;21;-86;265;26;40;-18;124;-117;-112;-79
203;-54;192;64;209;-322;321;87;296;-31;36;40;213;-112;91;-118;227;33;1;-46;201;-56;19;-71;256;33;36;-31;110;-88;-132;-77
196;-38;184;69;220;-333;346;84;302;-39;45;47;215;-103;89;-117;236;20;4;-41;202;-53;11;-57;248;50;29;-43;99;-65;-138;-85
201;-32;170;70;218;-346;363;96;294;-38;55;56;220;-103;100;-125;243;7;14;-32;203;-49;4;-44;240;67;17;-48;89;-47;-140;-101
211;-42;163;75;218;-352;371;112;275;-29;61;61;227;-110;119;-132;244;-2;25;-25;201;-46;-2;-33;235;72;10;-46;89;-36;-128;-122
215;-51;166;89;220;-359;381;122;264;-15;61;61;231;-118;135;-127;237;-3;37;-24;195;-43;-8;-26;239;69;10;-40;97;-38;-101;-136
221;-56;170;99;216;-368;391;138;255;-2;59;61;231;-128;153;-119;227;2;51;-23;191;-31;-17;-31;249;65;11;-31;103;-54;-73;-135
221;-63;176;103;205;-366;388;162;238;10;54;58;230;-142;164;-104;215;15;60;-22;184;-22;-16;-44;257;56;15;-18;113;-77;-54;-123
217;-63;183;107;198;-352;377;183;223;23;42;52;223;-149;165;-83;198;36;55;-30;174;-26;0;-57;263;42;25;-1;126;-97;-44;-110
207;-59;190;113;197;-342;374;188;221;29;39;49;213;-139;154;-60;182;58;44;-44;162;-32;16;-63;262;36;41;12;135;-115;-32;-94
189;-42;190;110;195;-340;381;182;228;26;40;51;207;-124;141;-42;177;71;31;-52;154;-29;23;-63;253;38;57;17;133;-128;-29;-70
171;-21;180;99;187;-335;391;179;236;17;43;54;203;-119;133;-31;179;80;18;-56;144;-21;29;-51;238;44;69;16;129;-132;-41;-42
156;-7;169;100;180;-320;397;181;241;13;42;51;201;-112;132;-31;182;82;6;-54;134;-17;31;-32;222;61;72;10;131;-125;-56;-25
149;6;157;105;183;-311;403;183;242;16;48;49;195;-98;131;-38;191;68;2;-47;135;-12;24;-10;203;90;63;-8;122;-115;-64;-21
152;14;142;104;184;-318;419;186;234;22;51;53;185;-86;137;-42;204;49;15;-28;144;-5;14;8;186;121;36;-35;98;-99;-74;-21
170;13;123;107;184;-334;433;195;223;31;51;52;180;-87;150;-45;205;37;37;-9;151;-6;13;19;180;133;10;-54;75;-73;-83;-18
189;0;112;125;187;-347;441;207;214;48;48;47;183;-92;165;-45;197;33;53;0;155;-16;12;24;186;127;-3;-58;67;-43;-88;-17
201;-18;119;150;194;-362;447;221;200;64;41;46;181;-94;174;-34;187;37;72;3;156;-20;8;20;201;117;-13;-54;69;-32;-82;-20
205;-27;136;167;202;-380;453;234;186;71;36;48;175;-95;179;-15;178;50;82;-2;154;-22;8;11;216;100;-15;-45;72;-38;-69;-23
203;-29;147;175;204;-392;458;248;176;76;35;52;177;-97;181;4;165;69;78;-14;140;-25;13;1;224;75;-2;-19;83;-43;-56;-25
199;-31;153;181;199;-387;455;257;172;80;39;61;182;-101;181;23;149;94;60;-37;118;-22;16;-5;224;55;29;19;106;-52;-39;-24
185;-23;166;183;192;-376;454;256;174;82;43;71;188;-109;180;40;140;114;39;-56;97;-6;11;-2;215;51;64;43;127;-76;-19;-15
161;-1;171;169;177;-369;460;252;178;81;48;80;192;-120;179;51;140;119;23;-58;83;16;7;5;199;66;83;45;138;-111;1;-5
140;27;158;143;155;-356;462;259;174;83;56;84;191;-128;179;54;142;114;15;-53;75;29;8;17;183;85;88;36;139;-131;6;8
134;49;132;124;133;-331;456;272;169;91;60;79;184;-126;177;54;146;101;15;-45;77;30;9;29;166;108;87;21;128;-129;1;23
133;67;109;120;121;-313;451;272;164;99;62;74;168;-117;171;56;150;84;28;-27;90;25;10;40;150;139;70;-8;102;-118;-7;42
133;80;86;122;121;-316;458;264;163;106;60;67;155;-102;166;60;150;73;48;-3;101;10;18;49;145;160;39;-43;71;-100;-21;62
146;78;62;132;127;-322;471;263;162;114;55;56;146;-89;166;58;148;73;67;8;107;-9;29;53;152;160;7;-62;49;-69;-43;80
163;60;59;165;138;-325;481;270;156;122;47;45;136;-77;167;61;146;82;79;4;111;-27;33;56;164;148;-10;-58;41;-34;-59;87
168;41;81;210;156;-342;490;274;151;127;41;38;128;-66;172;68;147;87;78;1;105;-36;27;60;166;138;-9;-41;45;-21;-55;77
167;32;109;239;179;-370;507;272;147;129;40;42;128;-61;180;76;145;94;77;-4;88;-27;20;62;161;127;1;-22;62;-26;-39;61
174;25;123;249;188;-390;517;280;141;135;41;51;137;-68;191;82;134;109;72;-21;66;-7;10;62;164;111;22;7;82;-39;-17;52
177;17;134;255;177;-396;517;293;136;142;39;58;151;-86;208;88;122;123;63;-39;41;19;-9;65;165;102;51;33;105;-68;13;46
171;19;150;251;160;-393;510;301;130;144;38;69;156;-103;218;99;114;129;52;-40;28;47;-24;67;159;108;70;38;118;-103;39;43
160;39;151;225;142;-379;499;309;120;142;44;81;155;-112;218;111;108;133;50;-33;25;62;-21;59;157;115;74;29;115;-124;51;49
154;67;126;192;115;-357;485;320;110;145;56;93;153;-117;213;122;98;137;56;-29;28;58;-5;45;164;116;70;19;99;-124;47;76
152;85;95;168;90;-328;466;324;105;151;66;98;154;-116;210;133;89;144;59;-23;32;42;15;40;167;120;69;7;79;-107;36;105
145;93;76;159;79;-302;457;312;107;158;68;90;145;-111;203;145;86;150;64;-7;40;25;38;44;159;131;64;-11;61;-89;20;126
136;101;61;160;79;-282;460;300;110;159;61;75;127;-96;188;156;87;157;69;5;50;7;58;51;148;141;49;-28;46;-68;-3;140
130;108;46;169;85;-273;471;296;109;163;56;63;112;-78;179;158;94;158;69;6;52;-19;66;65;137;147;37;-26;37;-41;-19;145
130;107;40;191;100;-284;487;293;113;170;51;52;102;-58;180;157;103;150;69;10;43;-28;60;86;118;160;36;-19;39;-23;-10;130
133;99;42;219;123;-313;508;286;114;176;41;42;93;-51;184;160;111;140;75;16;34;-11;42;109;98;175;35;-18;47;-27;12;108
136;89;51;244;145;-350;531;284;109;183;29;35;92;-52;188;162;112;136;86;18;22;10;21;124;92;182;24;-14;58;-44;34;100
139;86;56;256;151;-378;544;296;101;185;25;41;100;-58;197;158;108;139;89;7;6;20;3;126;102;179;15;2;68;-55;56;103
144;84;59;262;146;-393;541;312;87;186;29;61;109;-70;212;156;105;140;86;-4;-8;38;-13;122;115;170;20;20;75;-69;77;106
148;82;65;261;142;-394;529;322;69;187;40;76;114;-86;229;160;103;139;85;-2;-17;67;-23;109;127;158;29;24;79;-89;89;112
149;81;65;250;131;-384;514;332;57;189;56;87;122;-100;240;168;93;146;91;0;-22;76;-15;81;147;139;33;29;76;-94;88;135
151;84;58;233;106;-360;493;344;49;193;64;97;128;-112;245;177;77;163;94;-5;-23;64;9;55;166;115;43;40;70;-85;77;160
152;85;54;215;78;-320;464;353;40;202;68;99;122;-120;247;186;64;179;83;-4;-18;54;36;47;169;104;65;43;65;-79;65;169
147;85;52;202;63;-279;441;350;37;213;66;85;106;-119;241;200;62;186;75;9;-16;46;54;54;154;105;82;34;60;-75;58;168
137;96;45;194;58;-255;436;340;46;216;61;67;88;-107;224;218;60;190;79;15;-16;32;65;64;136;116;82;20;51;-64;56;169
131;113;27;188;60;-254;440;327;62;212;56;56;68;-86;205;231;61;189;78;13;-12;13;75;80;118;133;74;7;37;-47;57;169
124;125;10;192;68;-259;451;312;81;209;49;46;52;-66;194;234;68;182;70;14;-15;8;75;109;96;155;70;-4;30;-34;60;162
116;129;2;207;86;-271;468;292;91;206;48;38;44;-49;187;230;82;176;67;24;-21;13;57;140;71;182;54;-18;33;-33;72;152
108;135;4;222;103;-295;496;276;95;197;48;40;44;-32;184;225;90;170;74;31;-25;15;30;158;60;203;22;-24;31;-33;86;153
106;144;2;229;114;-320;521;276;89;190;54;56;52;-28;199;217;95;161;77;29;-24;25;5;160;62;210;-1;-17;28;-28;96;157
112;143;-3;238;117;-337;528;289;77;195;69;66;67;-44;227;205;102;153;78;27;-32;41;-13;152;74;203;-5;-5;34;-30;103;155
124;131;1;248;111;-341;523;309;55;210;78;70;81;-75;250;200;100;150;88;33;-47;58;-21;137;94;182;-2;10;46;-42;110;161
137;117;13;245;95;-331;513;328;29;227;75;75;88;-95;255;212;82;156;105;38;-51;67;-20;107;123;148;4;27;53;-52;116;179
141;112;20;230;71;-315;496;346;13;243;69;76;89;-101;255;224;60;172;105;33;-46;63;-2;73;152;115;21;47;56;-56;116;197
141;109;16;214;53;-292;471;362;7;256;66;69;80;-109;255;230;48;189;92;25;-55;57;24;57;164;92;57;63;59;-60;111;199
141;114;13;204;43;-267;451;361;12;257;58;59;65;-107;245;250;41;197;82;17;-74;51;48;61;158;81;88;69;64;-67;112;197
132;126;11;192;44;-250;444;345;30;249;47;53;51;-89;225;270;34;201;76;5;-81;41;65;73;140;91;98;62;60;-69;119;203
117;139;3;178;46;-241;439;330;47;239;46;55;42;-61;203;275;40;204;64;-1;-77;30;69;98;114;120;98;46;42;-61;118;203
108;152;-5;170;46;-227;436;316;58;229;50;52;35;-42;194;265;53;203;47;4;-79;26;62;132;82;152;91;26;30;-56;115;189
107;160;-13;174;54;-218;443;296;66;215;55;49;30;-36;201;256;66;186;48;19;-83;32;42;162;53;184;71;3;23;-52;123;176
109;163;-21;184;65;-224;457;278;70;205;59;49;33;-33;212;251;75;163;68;36;-75;39;16;173;38;214;32;-24;8;-39;133;178
113;166;-27;192;74;-238;469;275;67;204;67;56;42;-38;223;242;83;152;87;55;-63;38;4;172;43;225;-5;-40;-12;-17;128;188
116;161;-32;199;76;-246;475;286;53;210;73;59;48;-48;230;237;80;153;97;69;-63;34;2;160;63;208;-23;-36;-14;-5;124;196
118;150;-29;206;77;-247;476;293;31;225;70;53;51;-60;239;239;66;160;107;73;-67;33;0;134;89;177;-29;-15;2;-8;133;199
118;144;-25;206;82;-250;475;294;15;239;59;46;49;-68;245;249;50;174;114;65;-71;35;7;103;119;145;-21;18;18;-15;142;206
117;148;-26;202;81;-250;466;302;12;246;53;48;43;-72;241;262;40;191;106;49;-85;32;24;86;139;111;5;54;33;-22;138;211
110;150;-27;201;79;-237;448;312;10;245;56;52;37;-73;234;270;32;205;83;27;-104;33;37;81;143;82;49;88;53;-34;145;202
105;149;-26;196;76;-218;433;312;11;242;56;51;33;-65;224;277;30;210;68;16;-117;39;39;83;138;79;83;103;71;-60;165;191
104;156;-23;176;68;-201;423;306;16;241;55;47;23;-51;218;286;33;210;64;15;-118;43;39;91;125;96;92;95;67;-81;179;191
103;168;-34;151;52;-187;413;302;25;236;54;46;9;-38;215;286;38;204;57;17;-115;40;47;110;102;118;96;75;44;-80;174;194
108;169;-57;140;39;-162;398;304;32;227;59;43;6;-35;218;276;48;194;53;24;-114;38;47;132;80;139;92;45;25;-65;166;195
120;164;-68;140;42;-138;387;293;34;225;60;38;8;-37;223;269;65;178;64;43;-105;34;38;144;66;163;61;4;-2;-46;164;203
127;159;-68;141;52;-134;391;276;38;227;56;36;7;-32;221;269;76;163;78;63;-88;23;34;140;63;182;20;-32;-35;-22;156;218
125;152;-69;142;61;-141;404;262;41;224;60;39;6;-25;217;266;74;162;79;75;-77;13;39;132;65;183;-8;-39;-50;8;136;226
121;148;-72;148;73;-140;413;257;38;223;64;34;12;-31;226;256;71;170;80;77;-85;10;37;126;75;166;-16;-19;-36;27;127;217
118;148;-65;163;81;-133;414;253;32;227;63;31;13;-42;238;255;68;174;85;71;-98;16;22;123;82;151;-14;9;-13;24;144;201
111;150;-49;168;88;-136;420;246;27;232;60;37;9;-45;240;265;61;177;82;61;-106;29;13;115;87;141;-3;35;3;10;165;189
98;158;-44;156;90;-145;431;250;24;228;65;46;9;-44;235;268;57;186;68;48;-117;38;13;109;96;127;18;63;22;-8;181;177
91;169;-55;138;76;-138;425;267;21;224;76;49;10;-46;234;261;57;189;61;40;-131;47;11;107;108;114;40;86;44;-34;200;167
91;180;-64;121;55;-119;408;280;15;229;79;45;7;-50;235;259;55;184;65;44;-133;55;14;105;114;113;49;89;48;-61;220;164
93;186;-73;101;45;-100;391;287;11;234;73;39;-8;-43;233;266;55;183;66;52;-119;50;29;104;114;115;49;75;29;-73;222;176
90;193;-91;84;43;-79;377;296;9;235;74;34;-20;-28;226;267;59;194;60;55;-111;28;51;103;110;115;50;60;8;-61;204;200
96;194;-107;80;44;-58;363;299;12;238;78;25;-23;-19;219;259;65;195;52;53;-111;5;65;106;106;115;50;49;-8;-39;184;220
105;182;-104;86;48;-44;352;287;20;242;68;15;-28;-7;216;261;71;186;51;59;-105;-8;67;111;95;128;40;36;-20;-25;174;225
108;169;-87;97;65;-42;356;265;32;239;56;8;-37;12;215;263;76;178;54;70;-98;-12;66;119;80;143;27;22;-31;-12;163;223
105;169;-79;104;84;-46;366;245;44;229;54;7;-35;16;212;253;78;179;54;72;-100;-16;60;133;68;148;22;24;-34;6;153;216
108;170;-75;113;90;-47;371;235;53;219;59;17;-21;8;216;243;79;177;51;66;-109;-13;42;145;62;152;24;35;-25;15;159;198
109;168;-64;120;92;-49;376;224;55;214;58;31;-9;-4;227;240;81;168;48;65;-114;1;19;147;66;158;18;36;-14;5;178;175
103;171;-55;109;93;-56;387;216;52;208;65;42;-7;-11;227;239;79;164;47;71;-119;15;9;133;79;157;5;28;-11;-13;190;166
96;184;-62;89;80;-50;390;225;44;200;83;51;-3;-18;222;237;74;169;49;74;-123;18;13;114;99;138;-1;37;-10;-15;192;163
93;199;-78;70;62;-28;377;241;35;197;94;56;1;-30;225;237;67;175;52;69;-124;14;21;97;122;115;5;55;-7;-12;198;158
98;201;-84;56;51;1;356;247;26;204;89;49;-5;-34;229;241;67;179;50;68;-119;5;32;82;134;97;18;61;-5;-22;206;157
97;199;-86;42;52;26;344;247;21;214;86;36;-20;-27;219;245;71;182;43;68;-111;-8;52;71;135;85;33;62;-5;-32;207;168
94;202;-90;30;52;45;340;246;26;217;85;24;-36;-11;199;251;69;184;37;63;-113;-22;69;69;131;79;47;69;-2;-27;201;179
95;203;-96;25;49;62;332;242;38;213;76;14;-44;12;186;252;74;179;36;59;-116;-29;71;83;116;85;56;75;1;-27;199;177
96;199;-96;31;57;78;320;232;46;215;63;-2;-56;31;182;244;88;169;37;62;-110;-28;66;104;87;107;60;64;-2;-39;205;171
96;197;-93;41;81;83;323;212;56;211;54;-16;-67;44;177;231;100;155;34;65;-105;-32;61;123;60;134;51;45;-12;-43;205;176
97;200;-95;47;100;77;336;197;68;193;52;-10;-65;54;178;217;106;148;29;62;-106;-41;51;139;48;151;29;33;-22;-31;194;184
100;199;-95;49;107;68;346;191;74;180;56;7;-50;58;190;203;110;143;30;59;-108;-40;34;145;50;159;7;29;-28;-21;188;182
105;187;-89;52;111;66;347;191;67;177;66;17;-38;45;206;193;113;137;33;68;-104;-29;22;140;58;157;-8;21;-33;-21;187;173
108;181;-78;50;119;70;348;193;55;175;73;19;-30;20;216;192;109;137;34;77;-101;-25;21;125;77;140;-20;20;-34;-14;179;170
107;186;-75;40;115;77;344;200;46;173;74;23;-22;-1;223;196;97;146;37;70;-101;-30;26;105;104;113;-19;34;-33;4;171;170
109;188;-80;23;97;95;329;212;35;179;74;32;-19;-10;219;203;85;152;35;63;-100;-35;34;87;126;87;-1;56;-26;11;174;162
115;179;-79;10;84;120;311;221;24;193;73;29;-28;-13;206;216;79;156;27;67;-98;-35;46;74;138;64;19;62;-14;-6;185;148
115;175;-73;-3;83;144;299;222;25;197;66;14;-44;-7;187;230;77;160;19;65;-100;-39;63;61;144;52;33;61;-7;-23;194;141
101;187;-79;-19;80;158;292;217;44;185;57;3;-60;17;167;238;78;162;17;53;-100;-57;79;60;140;51;45;71;-8;-26;197;140
87;203;-96;-35;77;176;283;209;63;172;55;-3;-73;43;150;234;86;159;7;44;-93;-69;90;77;122;61;56;70;-11;-29;202;138
79;209;-106;-36;85;194;280;193;73;160;60;-12;-80;62;142;225;103;152;-9;49;-85;-72;90;103;95;79;62;55;-12;-38;208;135
70;212;-107;-30;101;205;291;175;80;147;63;-16;-81;75;139;210;120;143;-16;52;-79;-79;84;118;74;104;48;37;-14;-46;208;142
61;219;-111;-34;113;200;307;163;91;134;68;-9;-74;87;143;192;134;127;-10;53;-76;-88;71;132;64;123;19;29;-25;-43;199;152
65;221;-120;-38;116;195;315;165;92;129;76;1;-60;84;156;170;146;110;0;61;-71;-78;55;148;58;132;3;27;-34;-29;189;151
82;204;-120;-27;121;200;311;176;75;137;80;2;-49;62;175;152;153;99;9;75;-67;-65;39;150;57;134;-1;17;-34;-24;184;146
96;185;-106;-16;127;204;308;184;57;151;73;3;-45;37;187;144;150;96;21;81;-62;-66;31;134;70;128;-13;15;-35;-21;180;151
102;179;-97;-21;127;205;304;195;47;160;69;8;-46;27;189;145;135;99;29;75;-60;-74;35;108;99;109;-24;26;-36;-10;172;155
111;172;-96;-29;121;211;291;208;40;169;66;8;-51;25;184;156;119;111;25;68;-64;-73;48;85;131;79;-13;40;-27;-4;166;143
120;157;-91;-30;117;226;276;213;36;172;55;-2;-61;21;173;172;111;127;14;59;-70;-65;61;74;145;55;11;53;-11;-14;168;125
118;149;-73;-32;119;248;267;203;50;168;41;-11;-73;28;155;188;103;142;-2;45;-73;-71;72;66;144;47;31;65;-2;-23;182;116
98;164;-58;-45;118;264;265;184;79;146;36;-9;-81;49;138;197;105;150;-22;27;-68;-85;88;65;139;47;42;69;-4;-24;190;114
80;180;-63;-69;106;279;263;175;98;121;47;1;-85;72;126;192;119;146;-43;19;-64;-93;101;80;127;51;56;68;-2;-33;193;105
75;189;-74;-87;97;299;260;168;101;111;65;4;-85;84;118;177;139;134;-52;26;-62;-94;100;102;103;69;60;56;1;-51;203;99
72;203;-83;-104;93;315;262;155;109;109;69;3;-82;88;118;161;156;111;-43;39;-52;-103;94;119;78;98;42;39;-10;-55;204;110
63;218;-97;-118;91;319;266;148;120;100;67;1;-81;95;122;148;168;87;-29;50;-30;-117;94;131;65;119;18;22;-29;-41;189;126
60;224;-117;-121;93;323;263;152;115;98;74;2;-78;94;126;129;182;75;-20;61;-13;-130;96;138;62;123;1;5;-39;-31;173;132
75;217;-128;-112;106;329;260;160;95;113;79;-2;-76;78;132;115;186;65;-10;75;-10;-134;90;138;71;115;-11;-4;-34;-27;169;135
92;206;-118;-95;128;326;265;160;81;131;67;-11;-75;69;133;119;170;61;5;81;-5;-136;82;126;86;107;-23;0;-28;-24;164;139
96;195;-108;-84;150;308;274;157;80;138;47;-18;-77;76;126;130;149;72;13;70;-1;-137;85;110;107;89;-25;17;-22;-13;149;136
98;183;-103;-75;157;298;276;158;85;134;36;-23;-78;74;114;136;139;95;3;50;-14;-127;85;105;128;59;-2;39;-4;-8;146;117
104;172;-80;-57;160;308;266;159;88;129;31;-23;-77;66;107;137;137;108;-17;27;-33;-106;74;102;135;40;24;51;15;-22;167;93
107;168;-50;-49;161;316;257;155;93;120;24;-16;-75;69;102;139;139;110;-35;4;-38;-88;73;94;138;37;35;57;19;-40;187;81
101;173;-41;-69;148;322;249;153;106;109;26;-3;-73;85;91;138;143;111;-47;-6;-31;-84;86;89;141;41;42;58;15;-48;189;80
102;183;-56;-100;124;343;236;156;116;99;38;7;-68;90;81;130;151;112;-59;-3;-22;-92;103;95;135;47;50;53;16;-54;188;76
108;189;-70;-119;100;381;214;158;118;90;44;10;-60;80;87;118;166;100;-64;9;-7;-101;113;106;119;61;46;38;10;-62;193;80
103;196;-76;-130;94;414;200;151;118;86;41;8;-61;79;92;111;180;80;-54;23;23;-122;126;105;105;82;25;11;-7;-60;188;96
90;207;-88;-145;100;428;200;138;123;82;42;6;-67;89;85;109;186;66;-44;40;50;-150;145;105;102;92;4;-9;-22;-42;167;114
94;212;-108;-156;108;437;206;133;123;81;51;3;-72;94;76;105;187;60;-39;54;61;-174;156;116;100;87;-6;-7;-20;-24;146;120
109;204;-115;-147;121;444;212;125;117;84;46;-7;-70;92;77;102;183;53;-27;59;64;-180;152;127;94;86;-8;0;-2;-22;142;113
110;190;-107;-126;141;435;226;110;122;87;27;-19;-73;91;77;101;178;45;-13;54;65;-178;140;134;92;88;-10;6;8;-24;146;102
99;184;-91;-109;161;415;242;99;134;80;18;-19;-80;97;65;104;175;49;-14;38;53;-169;127;141;98;78;-7;19;14;-26;149;87
98;187;-83;-96;173;393;252;107;136;71;25;-12;-77;99;56;97;175;60;-30;17;35;-145;110;146;107;60;5;29;27;-35;162;68
105;182;-76;-90;172;386;248;127;123;70;28;-8;-68;95;58;87;176;61;-42;0;23;-118;92;140;118;57;15;32;39;-52;178;56
104;174;-64;-91;169;386;239;133;120;77;19;-8;-64;96;59;84;176;59;-43;-6;26;-101;89;124;128;60;13;24;32;-63;180;61
97;176;-61;-103;163;386;229;137;123;77;16;-5;-63;99;53;88;174;67;-48;-6;38;-99;105;105;142;51;7;15;23;-60;167;70
101;181;-72;-118;146;402;212;151;119;70;17;2;-56;96;49;86;175;75;-60;-10;50;-102;125;91;153;36;10;10;22;-52;155;77
109;178;-76;-128;130;435;191;158;115;70;14;1;-49;93;53;80;180;71;-66;-9;68;-110;141;80;154;35;15;4;22;-48;151;84
110;172;-69;-137;124;460;173;148;123;75;7;-3;-53;98;51;85;184;59;-63;2;89;-128;164;78;148;43;12;-3;20;-45;141;95
110;174;-71;-149;123;469;165;132;136;68;5;-2;-62;105;41;94;181;51;-57;13;106;-152;190;85;138;46;5;-1;27;-39;127;97
115;179;-89;-157;118;475;164;120;141;55;6;0;-60;105;36;90;181;47;-50;13;115;-171;201;107;124;49;11;8;40;-33;126;84
119;176;-95;-155;119;484;163;104;149;53;1;-2;-53;98;39;83;187;40;-47;9;121;-180;192;135;107;62;17;10;46;-41;142;67
113;173;-83;-144;137;476;169;88;160;50;-3;-5;-55;88;38;81;195;30;-47;7;121;-179;176;156;90;77;16;2;44;-51;155;58
104;176;-78;-139;153;455;181;82;165;40;-1;2;-57;87;28;80;196;27;-47;4;119;-169;163;165;92;80;7;-6;45;-51;156;58
102;179;-85;-136;161;441;190;90;159;35;6;5;-46;89;18;72;194;31;-49;-5;113;-154;148;167;103;78;3;-6;51;-51;157;57
108;176;-84;-132;165;437;188;95;152;44;5;4;-34;82;17;60;196;31;-49;-12;109;-134;132;163;111;75;-4;-11;52;-55;156;61
105;169;-70;-124;167;432;185;95;148;55;-4;0;-35;74;14;59;199;27;-53;-17;111;-113;127;147;124;67;-9;-22;48;-51;148;74
98;167;-58;-117;164;430;184;100;145;52;-11;-3;-38;81;8;58;201;26;-59;-26;118;-101;135;125;143;54;-10;-23;50;-39;136;84
106;171;-58;-121;153;437;173;115;144;48;-8;-2;-33;97;1;51;200;26;-63;-35;125;-101;149;108;161;41;-4;-11;63;-35;128;83
123;165;-56;-128;136;453;151;124;144;53;-7;-3;-31;105;1;48;196;21;-62;-35;137;-104;168;97;165;39;2;-1;75;-46;130;76
128;157;-48;-133;129;466;137;114;152;55;-18;-10;-33;106;3;53;191;13;-60;-28;154;-115;194;94;160;45;4;-1;80;-52;132;72
119;160;-52;-143;124;473;134;103;165;44;-25;-16;-32;110;-1;59;185;18;-55;-28;168;-132;216;101;153;43;10;1;80;-47;130;68
120;170;-64;-154;119;480;128;100;171;33;-21;-10;-22;108;-4;58;179;26;-56;-34;177;-152;228;116;142;39;18;5;79;-44;133;61
125;171;-68;-156;124;487;120;95;170;31;-20;-3;-11;94;0;54;176;22;-63;-36;183;-160;231;134;128;45;23;-2;82;-49;140;55
127;163;-63;-148;140;482;117;80;170;31;-24;-6;-3;85;2;57;177;17;-64;-31;184;-153;229;151;115;58;20;-18;85;-55;144;53
126;164;-58;-142;153;470;127;65;177;23;-25;-4;6;86;-8;61;176;18;-57;-31;183;-143;222;165;107;67;9;-29;84;-51;140;60
129;167;-57;-139;153;460;135;62;182;13;-21;5;16;83;-16;59;175;17;-54;-40;183;-131;205;178;107;68;1;-33;83;-40;137;66
135;158;-49;-129;149;461;130;67;175;15;-19;10;23;73;-13;53;182;7;-63;-44;184;-112;186;181;111;71;-4;-42;85;-35;136;67
135;148;-34;-117;155;459;128;70;170;23;-25;2;26;71;-12;50;193;-1;-67;-43;186;-91;177;170;125;75;-14;-50;90;-33;129;73
135;148;-31;-117;155;448;130;71;176;23;-33;-6;20;80;-24;54;193;-2;-62;-44;193;-80;178;150;146;69;-27;-47;97;-27;119;76
137;152;-38;-125;145;444;125;79;180;15;-37;-5;19;94;-36;56;187;-5;-57;-46;203;-78;184;133;164;53;-26;-36;106;-21;115;71
136;148;-40;-131;139;453;109;84;179;16;-43;-9;29;95;-35;53;188;-7;-61;-49;213;-82;198;117;169;39;-11;-28;118;-24;117;61
131;147;-40;-131;141;459;100;80;179;19;-55;-20;34;91;-31;49;193;-6;-61;-52;220;-86;216;105;169;32;0;-28;131;-30;121;58
126;154;-45;-137;145;456;96;76;183;9;-65;-21;33;94;-35;48;188;-5;-57;-57;228;-94;237;100;167;25;7;-21;143;-33;124;53
131;159;-59;-146;139;454;82;77;184;-3;-63;-13;40;102;-36;44;180;-8;-55;-64;232;-99;253;114;154;24;19;-15;153;-44;129;44
144;148;-65;-145;136;461;61;77;177;-4;-57;-9;55;95;-29;40;182;-13;-57;-71;234;-93;259;139;126;42;29;-22;158;-55;134;39
152;136;-63;-138;144;461;53;65;175;0;-60;-14;67;78;-22;39;186;-16;-54;-73;238;-87;256;156;106;61;22;-40;155;-52;136;47
155;133;-61;-134;150;447;57;52;180;-7;-66;-18;71;69;-23;42;177;-17;-50;-73;245;-85;251;162;105;72;1;-60;143;-37;129;63
161;126;-63;-131;149;436;54;51;179;-10;-64;-16;77;67;-25;43;167;-14;-51;-74;253;-81;245;165;111;73;-13;-73;133;-17;115;74
168;108;-55;-118;155;435;42;53;171;-3;-61;-17;83;61;-29;45;162;-9;-56;-76;258;-69;235;170;116;73;-21;-81;136;-6;104;77
167;96;-35;-103;171;430;39;40;174;5;-67;-23;87;59;-37;55;157;-6;-58;-77;262;-57;224;164;125;72;-31;-88;145;3;102;81
151;102;-20;-102;177;412;49;27;186;-2;-76;-29;91;66;-49;62;152;-2;-59;-80;271;-52;220;150;141;62;-40;-85;150;17;94;84
140;111;-24;-111;162;404;51;29;193;-11;-79;-31;98;73;-58;59;152;-1;-65;-88;274;-46;222;139;157;43;-34;-73;163;22;91;75
137;111;-25;-117;145;414;36;40;191;-12;-77;-28;106;75;-58;48;160;-7;-71;-91;273;-30;223;133;158;28;-15;-60;189;14;100;58
134;117;-23;-119;140;419;23;45;188;-11;-78;-25;111;76;-54;42;167;-16;-65;-88;277;-20;229;128;152;26;-1;-51;209;-4;117;45
132;131;-34;-131;133;409;17;42;192;-16;-80;-25;116;80;-52;41;172;-24;-53;-90;288;-21;241;121;147;33;1;-47;212;-16;128;45
136;138;-60;-150;123;401;9;43;196;-22;-75;-26;123;78;-48;37;178;-34;-48;-92;295;-24;256;126;139;37;2;-47;208;-17;123;50
146;131;-77;-156;118;403;-8;47;193;-18;-71;-31;129;64;-36;32;177;-41;-43;-91;300;-20;267;136;130;43;3;-57;207;-14;126;58
154;118;-77;-142;128;401;-21;41;184;-9;-79;-41;132;51;-25;36;164;-38;-35;-88;309;-17;273;142;124;51;-5;-74;198;-4;124;74
156;111;-69;-129;145;387;-22;28;181;-3;-86;-50;134;53;-28;46;145;-25;-29;-91;318;-19;280;145;125;53;-15;-84;187;12;109;88
164;98;-60;-118;158;367;-21;16;187;-2;-83;-53;142;58;-32;51;133;-12;-41;-102;316;-17;281;157;125;51;-15;-87;191;31;96;93
176;76;-42;-99;165;355;-24;10;190;-6;-83;-55;153;55;-31;54;129;-5;-56;-112;307;-1;269;169;121;54;-11;-89;205;46;95;84
176;59;-15;-78;168;346;-25;4;192;-9;-89;-59;163;54;-35;60;125;-3;-57;-115;302;20;251;172;122;58;-13;-93;212;47;100;75
169;60;7;-76;164;334;-23;-1;196;-14;-92;-57;173;60;-46;62;124;0;-57;-117;303;34;239;165;128;53;-20;-97;216;48;102;71
163;68;12;-91;148;329;-33;5;197;-17;-90;-45;187;62;-51;49;132;-3;-68;-121;304;48;233;161;135;47;-18;-93;230;50;103;64
168;72;4;-105;129;334;-48;16;194;-18;-85;-35;201;55;-40;36;147;-14;-71;-119;306;67;230;151;136;52;-17;-90;247;41;112;53
169;79;-6;-115;121;340;-61;16;191;-18;-86;-35;207;46;-33;35;156;-32;-56;-108;320;76;237;129;141;61;-27;-94;248;32;117;55
162;95;-18;-131;119;336;-68;10;196;-18;-88;-37;210;45;-35;42;153;-42;-38;-100;337;69;261;111;146;55;-37;-101;244;39;111;64
158;104;-37;-144;115;333;-77;8;196;-17;-89;-39;215;48;-33;40;143;-39;-30;-98;350;59;286;104;150;42;-35;-99;251;56;104;71
166;101;-50;-139;117;334;-90;4;192;-14;-91;-48;217;44;-23;37;134;-34;-23;-98;358;51;301;112;144;37;-22;-89;263;62;104;71
177;93;-46;-121;133;329;-95;-13;195;-15;-96;-63;211;45;-17;48;119;-27;-14;-99;363;42;307;121;133;39;-15;-85;270;58;107;68
178;86;-34;-105;151;303;-86;-31;209;-25;-99;-73;209;58;-23;67;106;-17;-18;-108;361;39;307;136;122;40;-11;-88;273;68;106;69
181;77;-31;-92;157;276;-79;-35;220;-33;-99;-76;222;66;-30;72;101;-5;-31;-122;348;52;291;159;115;37;-3;-88;277;83;105;68
193;55;-21;-73;159;263;-83;-31;221;-34;-100;-77;237;59;-28;60;105;0;-41;-130;337;78;260;178;105;42;4;-92;280;85;112;67
196;43;-2;-59;164;250;-89;-29;213;-32;-103;-79;246;50;-22;53;108;-4;-47;-129;336;105;232;180;98;56;-5;-106;279;81;115;72
192;42;12;-56;170;228;-95;-29;206;-29;-107;-76;256;52;-21;51;114;-8;-54;-129;340;126;218;167;101;65;-25;-124;277;87;108;83
194;45;7;-66;162;212;-108;-22;199;-27;-101;-70;272;49;-17;45;123;-15;-57;-131;344;145;212;147;111;65;-42;-134;276;106;91;93
203;42;-1;-74;147;218;-134;-15;186;-22;-99;-70;286;32;-11;39;126;-27;-52;-125;348;164;212;127;121;60;-49;-134;282;120;82;93
202;41;2;-76;135;233;-159;-18;178;-17;-105;-78;289;25;-5;44;120;-36;-37;-115;360;170;227;97;132;52;-54;-134;292;127;80;88
193;47;1;-87;128;237;-172;-29;179;-15;-109;-84;289;30;-3;51;108;-32;-24;-108;378;160;257;75;145;38;-55;-128;305;134;77;80
196;52;-14;-100;121;239;-180;-40;183;-19;-106;-88;291;31;1;58;95;-25;-18;-109;384;144;280;73;150;24;-42;-108;319;138;80;67
205;47;-30;-102;114;243;-188;-49;191;-27;-106;-94;297;25;8;67;84;-21;-15;-114;380;139;289;89;137;16;-22;-89;335;134;95;51
201;39;-32;-98;122;237;-187;-60;199;-33;-111;-101;300;29;6;80;73;-16;-15;-121;378;137;292;106;121;21;-7;-89;341;125;113;41
184;39;-26;-93;140;216;-178;-72;208;-39;-112;-103;304;37;-5;86;67;-3;-22;-132;373;138;286;127;107;29;-5;-98;336;123;124;50
175;40;-26;-86;154;184;-169;-74;207;-43;-105;-101;318;41;-8;77;74;4;-34;-142;366;148;271;151;92;38;-12;-107;329;128;122;66
178;31;-21;-71;166;160;-167;-71;198;-47;-99;-101;332;40;3;62;81;0;-43;-141;362;167;246;170;80;53;-24;-117;327;133;115;78
178;20;-6;-59;180;136;-167;-69;191;-49;-95;-103;336;40;13;54;88;-10;-42;-135;365;190;223;168;76;67;-35;-133;319;141;102;93
176;13;9;-52;184;113;-173;-60;185;-46;-82;-104;343;44;15;57;93;-17;-35;-126;368;206;208;150;81;70;-53;-149;311;160;87;107
182;7;12;-48;173;100;-191;-45;172;-37;-74;-108;353;41;19;58;94;-23;-29;-119;367;219;198;127;100;60;-64;-150;312;183;72;110
198;-6;10;-49;158;101;-215;-37;163;-27;-83;-118;357;32;32;52;92;-29;-20;-112;370;232;193;103;119;48;-64;-143;324;193;65;103
210;-21;14;-55;145;110;-236;-40;163;-18;-97;-129;353;29;42;53;84;-29;-5;-106;377;240;197;76;134;36;-57;-133;339;190;69;88
213;-26;17;-62;139;112;-250;-48;166;-18;-102;-131;351;33;43;66;73;-19;1;-109;376;237;212;54;142;21;-51;-122;350;192;78;73
212;-24;9;-70;133;113;-258;-54;169;-22;-103;-128;360;35;40;77;62;-6;-2;-123;372;235;229;51;145;7;-39;-110;359;199;84;60
211;-25;2;-77;133;117;-267;-65;176;-22;-108;-127;372;32;43;75;53;6;-9;-139;368;238;238;61;136;6;-18;-98;370;196;94;47
196;-25;7;-77;139;114;-265;-86;187;-24;-113;-131;374;32;47;72;50;15;-19;-144;367;239;242;74;111;17;-5;-98;376;186;106;42
176;-21;14;-74;149;101;-252;-106;191;-40;-108;-127;375;39;51;74;48;24;-27;-145;371;236;243;91;87;28;-9;-110;371;181;112;50
168;-15;16;-71;157;78;-239;-112;188;-56;-88;-119;382;47;57;71;47;25;-36;-143;372;236;234;112;71;44;-17;-123;363;191;106;64
168;-15;10;-69;160;56;-235;-105;184;-59;-69;-119;395;43;64;65;50;16;-37;-130;375;245;210;127;57;59;-23;-133;356;208;94;77
171;-23;9;-63;159;41;-235;-98;181;-53;-65;-127;400;34;70;62;58;2;-28;-113;379;253;187;125;52;66;-33;-145;352;221;88;90
175;-30;11;-57;160;25;-236;-90;176;-47;-69;-135;397;34;67;63;62;-5;-16;-99;382;256;173;109;66;66;-55;-159;350;232;80;103
186;-37;8;-53;157;11;-244;-74;165;-42;-69;-138;396;42;65;60;62;-9;-4;-93;379;263;160;91;94;52;-72;-160;349;247;74;107
199;-51;10;-48;158;5;-263;-61;154;-27;-70;-142;401;46;66;56;61;-13;6;-92;372;281;146;76;113;35;-73;-146;358;253;70;100
206;-65;19;-40;166;3;-283;-62;151;-12;-82;-149;403;45;66;58;59;-13;15;-98;364;297;141;57;117;22;-63;-129;372;254;70;87
206;-70;27;-33;169;-1;-296;-73;152;-8;-95;-154;406;51;61;61;55;-1;15;-113;356;306;146;40;121;13;-50;-112;387;254;72;74
201;-71;30;-30;164;-3;-308;-86;155;-12;-99;-154;413;62;62;56;51;12;6;-133;348;317;151;29;123;4;-37;-97;400;249;75;58
196;-76;34;-31;161;1;-319;-100;161;-18;-94;-149;422;62;75;45;50;16;-6;-140;343;331;150;32;112;-2;-21;-88;400;241;83;39
188;-76;41;-29;161;2;-325;-117;164;-28;-89;-145;426;59;91;44;48;17;-8;-137;347;341;151;39;91;2;-10;-92;397;240;90;34
179;-66;39;-34;160;-8;-318;-129;168;-44;-78;-141;435;60;102;48;39;21;-7;-131;358;337;157;43;77;14;-10;-103;384;254;87;44
175;-58;24;-48;154;-15;-313;-132;167;-49;-65;-138;447;57;105;51;31;26;-6;-122;369;322;165;49;73;23;-18;-115;368;272;79;60
176;-65;15;-56;155;-16;-313;-128;160;-44;-62;-137;449;48;109;51;26;26;-9;-110;375;313;160;57;71;26;-31;-135;357;282;75;68
176;-76;19;-52;160;-25;-309;-128;149;-42;-65;-143;445;48;112;56;26;23;-5;-93;378;308;147;62;70;31;-46;-153;351;290;73;75
174;-82;25;-46;173;-43;-304;-125;141;-44;-60;-153;442;61;104;63;26;23;5;-80;378;303;137;63;76;30;-63;-155;347;300;63;84
175;-87;27;-41;186;-59;-306;-117;133;-40;-53;-157;440;71;93;66;29;23;12;-76;373;302;122;61;83;25;-68;-144;357;306;51;88
180;-99;28;-32;190;-66;-312;-109;124;-30;-57;-161;443;73;92;59;38;16;10;-77;357;312;99;59;89;16;-60;-126;378;303;50;75
177;-113;36;-19;193;-75;-319;-108;121;-24;-68;-170;447;79;94;48;50;14;8;-82;339;338;69;47;86;8;-51;-112;394;288;61;59
170;-117;42;-12;195;-87;-322;-110;125;-33;-72;-170;446;90;99;41;62;15;11;-88;326;364;49;28;89;5;-49;-100;398;277;61;51
167;-113;42;-12;192;-92;-330;-106;125;-41;-62;-162;447;95;107;35;69;11;15;-93;318;382;40;9;99;2;-45;-89;396;277;53;45
167;-114;36;-15;187;-92;-339;-103;124;-41;-58;-156;457;89;120;26;68;9;12;-99;316;393;39;-5;100;-3;-35;-85;397;281;49;37
160;-116;29;-25;182;-90;-345;-107;125;-36;-58;-152;467;83;131;22;61;14;13;-101;319;392;47;-20;100;-5;-32;-88;388;284;45;35
152;-117;24;-35;177;-88;-350;-114;123;-36;-60;-150;467;81;137;26;47;24;16;-100;329;381;64;-32;103;-6;-37;-98;372;294;36;47
150;-123;23;-40;178;-86;-351;-120;115;-37;-53;-148;462;86;140;34;31;35;12;-95;336;362;79;-31;101;-9;-40;-107;361;313;25;51
151;-133;25;-34;183;-85;-351;-123;109;-35;-47;-148;464;89;141;38;19;45;7;-89;339;351;80;-13;93;-11;-35;-111;358;323;20;43
150;-145;33;-28;192;-95;-348;-130;108;-36;-43;-151;462;91;136;42;15;54;7;-82;339;344;68;4;77;-6;-35;-112;359;327;24;40
148;-151;38;-25;200;-111;-339;-137;108;-39;-41;-154;457;99;126;46;17;54;10;-76;336;335;53;16;66;5;-41;-116;357;333;23;45
148;-156;39;-19;202;-124;-332;-136;105;-39;-40;-154;455;108;119;41;24;51;5;-72;327;336;32;26;62;8;-44;-116;361;336;22;46
145;-159;40;-12;204;-132;-332;-130;99;-37;-36;-152;456;111;119;28;39;46;2;-67;315;355;-2;31;60;10;-46;-112;366;324;27;40
140;-157;43;-8;207;-140;-336;-125;97;-33;-31;-151;459;111;122;17;54;33;10;-58;308;375;-35;20;60;15;-54;-107;368;314;33;40
134;-151;41;-10;209;-148;-337;-123;94;-29;-33;-150;458;114;123;9;67;21;19;-55;307;386;-50;-2;69;17;-65;-102;365;315;26;46
130;-146;30;-17;203;-146;-340;-119;93;-26;-34;-145;460;117;125;2;76;15;24;-59;303;393;-54;-26;85;7;-67;-93;362;324;12;48
129;-147;22;-23;195;-135;-346;-114;90;-19;-32;-142;463;116;129;-4;74;16;27;-61;297;398;-55;-51;100;-9;-59;-80;364;325;9;43
127;-152;24;-20;195;-131;-351;-118;90;-15;-30;-141;460;122;133;-7;64;20;30;-59;295;398;-49;-71;107;-23;-50;-72;361;321;8;37
122;-154;29;-16;200;-135;-348;-127;92;-21;-32;-139;454;134;132;-2;53;30;35;-58;298;391;-36;-77;110;-33;-38;-64;354;326;-2;31
121;-156;28;-15;205;-140;-341;-130;94;-30;-26;-136;450;146;130;1;42;45;31;-60;295;382;-28;-68;110;-41;-22;-52;350;331;-9;21
124;-162;26;-13;207;-146;-338;-129;96;-33;-14;-134;452;149;129;-1;36;55;22;-64;287;375;-32;-52;101;-42;-11;-50;345;329;-6;10
119;-166;32;-7;215;-157;-335;-132;91;-32;-11;-131;451;150;129;-3;35;57;17;-63;284;369;-40;-40;89;-31;-13;-63;335;325;-2;9
108;-166;40;-1;224;-170;-328;-135;84;-33;-10;-128;449;155;127;-6;39;57;17;-55;282;366;-50;-28;81;-17;-25;-77;322;327;-11;18
104;-162;39;3;227;-175;-325;-132;76;-31;0;-124;450;155;125;-9;46;52;18;-45;280;366;-68;-19;77;-6;-37;-84;314;332;-26;23
111;-166;43;5;226;-174;-330;-126;66;-23;7;-123;452;149;127;-14;57;42;18;-38;279;370;-91;-19;74;5;-48;-87;316;334;-32;18
115;-174;51;7;222;-168;-335;-125;57;-11;1;-125;450;149;125;-17;69;33;23;-32;276;373;-110;-34;77;14;-61;-87;315;334;-36;17
113;-176;57;3;218;-160;-335;-127;53;-2;-8;-125;446;158;114;-18;76;30;30;-26;270;374;-125;-55;87;11;-68;-79;314;337;-42;16
116;-177;54;-3;213;-146;-334;-126;52;1;-9;-118;443;169;103;-21;79;32;30;-21;261;377;-138;-71;102;-4;-63;-65;319;337;-45;9
117;-179;52;-6;211;-135;-333;-123;52;4;-9;-109;443;179;100;-27;81;37;29;-21;257;385;-146;-83;113;-19;-51;-46;326;329;-45;-6
108;-179;51;-7;218;-133;-326;-127;60;-1;-12;-104;440;190;99;-32;84;43;32;-23;254;388;-149;-96;120;-28;-41;-29;329;318;-44;-18
92;-170;44;-10;226;-140;-313;-132;73;-12;-9;-98;434;200;97;-37;86;49;29;-27;248;383;-147;-102;121;-32;-33;-20;326;314;-47;-22
78;-159;35;-9;232;-147;-303;-129;77;-21;1;-89;431;205;94;-44;84;52;21;-32;245;378;-142;-99;119;-36;-24;-13;318;315;-54;-23
65;-152;32;-6;239;-158;-299;-127;69;-25;12;-82;431;209;96;-50;80;55;18;-29;245;375;-146;-93;111;-33;-18;-15;310;311;-61;-20
51;-147;35;0;249;-171;-293;-126;64;-23;17;-79;428;209;102;-56;76;58;21;-19;249;367;-151;-87;100;-22;-20;-24;300;308;-68;-16
48;-143;33;2;254;-182;-288;-123;58;-18;22;-81;421;205;104;-57;73;58;26;-8;253;355;-153;-81;92;-12;-27;-32;289;314;-80;-13
63;-148;27;10;253;-185;-292;-117;45;-13;26;-85;411;199;101;-54;75;58;28;0;249;346;-162;-78;89;-5;-30;-36;280;324;-91;-13
80;-166;31;23;253;-178;-300;-115;30;2;21;-88;407;206;90;-52;78;54;32;6;243;341;-179;-77;87;-3;-31;-38;273;329;-96;-15
88;-183;42;29;255;-170;-302;-117;23;18;13;-84;403;218;77;-49;79;55;39;12;236;341;-198;-84;94;-4;-36;-40;273;328;-96;-18
93;-189;48;30;252;-161;-302;-118;22;25;6;-78;402;225;66;-48;83;60;42;15;227;346;-213;-95;108;-8;-42;-38;272;326;-102;-21
99;-195;48;29;246;-146;-303;-119;21;25;3;-72;400;229;59;-51;95;63;37;9;215;354;-227;-103;118;-22;-41;-27;272;321;-111;-30
94;-198;56;29;245;-132;-302;-126;26;25;0;-66;397;239;53;-56;106;61;29;-2;204;363;-237;-112;123;-30;-31;-11;278;314;-111;-42
70;-187;65;24;248;-124;-294;-133;39;19;4;-51;399;250;46;-64;114;57;24;-10;199;366;-243;-123;123;-29;-25;0;278;309;-107;-48
47;-164;62;14;244;-122;-279;-134;47;10;15;-35;403;251;45;-75;120;55;20;-12;198;368;-243;-131;124;-30;-23;4;272;302;-110;-47
35;-142;50;3;240;-123;-264;-131;50;1;29;-24;401;247;49;-84;124;51;19;-2;206;364;-237;-129;124;-34;-18;10;265;298;-120;-46
25;-128;40;-7;242;-126;-252;-126;52;-2;41;-21;392;247;52;-90;121;45;29;12;216;349;-229;-124;122;-32;-7;18;261;293;-124;-52
18;-119;28;-11;246;-135;-242;-115;51;-1;49;-21;381;251;48;-91;115;46;43;25;221;329;-225;-120;116;-21;-6;17;254;287;-125;-54
22;-111;8;-12;253;-144;-237;-102;41;6;56;-24;368;255;38;-87;110;48;49;34;222;311;-227;-115;113;-13;-11;8;238;288;-132;-48
32;-116;-1;1;258;-148;-235;-97;28;23;55;-32;356;263;25;-85;108;55;46;39;216;299;-235;-108;117;-14;-14;2;226;289;-142;-44
40;-134;10;20;270;-152;-233;-95;18;37;44;-38;346;275;18;-83;107;62;47;39;207;293;-253;-108;121;-13;-18;3;226;284;-150;-41
44;-148;25;37;279;-154;-232;-93;12;47;37;-37;339;282;14;-82;108;66;46;37;195;292;-275;-108;122;-8;-25;6;227;279;-158;-45
48;-154;42;52;282;-150;-234;-96;7;55;32;-35;338;283;7;-83;117;67;37;30;180;300;-295;-112;120;-8;-26;11;225;276;-169;-51
50;-159;61;64;277;-144;-235;-103;8;59;24;-28;341;283;-1;-88;133;65;27;20;164;310;-311;-121;120;-11;-20;21;223;275;-177;-57
43;-160;83;65;269;-134;-232;-110;16;58;19;-12;344;289;-8;-93;143;61;22;15;157;320;-325;-133;124;-13;-9;34;226;272;-177;-66
33;-149;94;52;257;-122;-226;-112;28;52;25;10;346;291;-12;-102;149;55;18;18;159;329;-328;-146;129;-9;-3;41;226;263;-179;-77
27;-126;80;31;241;-108;-220;-109;34;41;40;25;345;283;-11;-108;153;52;20;29;165;328;-317;-155;135;-11;-2;45;218;258;-186;-87
27;-109;59;12;228;-95;-217;-109;38;32;52;36;339;280;-17;-109;151;51;24;38;172;313;-304;-160;142;-17;1;48;208;259;-187;-92
19;-95;43;-3;226;-87;-211;-110;43;30;61;46;328;286;-26;-106;143;52;31;45;182;290;-293;-162;151;-18;6;46;197;263;-187;-91
8;-79;29;-13;233;-81;-201;-108;43;34;71;53;314;293;-40;-102;134;58;34;54;189;268;-286;-157;153;-14;10;41;190;261;-189;-87
5;-68;17;-9;240;-80;-192;-106;34;38;80;49;300;300;-50;-101;129;66;35;63;189;250;-284;-148;148;-12;7;34;187;254;-196;-83
8;-69;17;7;253;-87;-181;-111;29;49;77;36;284;308;-58;-100;126;69;40;68;183;234;-290;-134;143;-11;2;35;189;251;-203;-81
7;-77;32;29;274;-99;-167;-114;30;61;67;26;268;318;-70;-99;125;68;45;65;171;226;-309;-120;135;-4;8;42;194;245;-204;-81
4;-77;51;51;288;-107;-150;-110;27;70;60;25;262;324;-79;-103;134;65;44;61;158;232;-336;-113;118;9;14;46;195;233;-207;-82
7;-73;60;65;288;-110;-145;-103;21;78;51;26;266;325;-84;-112;149;65;39;58;145;245;-359;-119;107;15;13;48;194;222;-212;-82
14;-78;69;73;283;-110;-146;-98;16;84;43;32;266;327;-89;-120;161;60;37;50;133;258;-375;-132;108;19;11;56;195;217;-218;-84
16;-78;77;72;276;-104;-147;-92;17;85;42;44;266;326;-90;-124;169;51;38;44;125;271;-386;-147;119;21;11;63;191;212;-227;-91
20;-65;74;63;261;-89;-152;-85;18;82;48;60;270;319;-92;-128;174;49;38;46;126;279;-383;-160;131;16;12;65;184;209;-236;-97
24;-54;65;51;242;-66;-167;-82;17;79;58;75;275;312;-96;-126;173;55;38;47;131;275;-368;-176;143;8;13;65;173;215;-246;-101
27;-52;63;39;231;-43;-176;-88;20;81;63;86;274;308;-103;-120;167;61;36;44;142;256;-348;-188;159;-3;20;68;164;225;-254;-105
26;-49;65;31;231;-27;-171;-96;27;81;67;98;263;313;-115;-113;156;65;33;47;151;237;-330;-185;172;-11;29;72;162;227;-255;-112
21;-37;63;27;232;-18;-159;-101;35;74;77;103;250;316;-124;-110;146;71;34;58;158;220;-317;-171;168;-10;35;72;162;222;-254;-121
14;-22;55;27;237;-15;-147;-111;41;70;83;100;236;320;-136;-106;141;76;38;69;163;197;-312;-152;157;-6;39;76;162;217;-252;-126
8;-14;55;35;250;-20;-129;-120;46;74;81;92;217;331;-150;-103;135;77;42;73;163;174;-318;-135;141;4;42;79;162;211;-247;-131
-2;-5;57;44;266;-29;-105;-121;46;80;77;89;200;338;-161;-108;138;76;38;76;157;163;-336;-121;121;19;45;78;158;201;-241;-132
-10;9;56;48;270;-39;-90;-111;43;83;76;87;191;346;-168;-117;145;72;33;81;146;169;-359;-117;107;35;41;77;158;184;-240;-126
-11;17;57;54;269;-45;-87;-101;34;93;79;85;189;349;-170;-122;152;70;39;87;133;178;-379;-123;101;50;33;75;158;172;-246;-118
-9;16;60;65;272;-46;-88;-92;25;108;73;86;187;348;-172;-123;158;65;44;85;123;184;-392;-135;106;55;24;78;154;170;-257;-111
-4;16;69;72;269;-42;-89;-82;19;117;67;92;189;343;-173;-127;166;60;45;80;114;198;-403;-151;117;53;23;79;145;171;-269;-105
0;25;71;69;256;-30;-99;-69;15;123;67;103;197;337;-174;-129;176;59;44;76;108;209;-403;-171;131;47;26;81;140;173;-282;-104
8;27;69;64;241;-12;-109;-64;14;131;66;116;199;333;-176;-124;175;61;45;71;107;210;-391;-190;149;35;31;90;140;177;-292;-107
16;24;69;62;236;3;-114;-67;17;133;66;126;191;330;-182;-113;169;64;45;65;110;205;-374;-197;166;22;42;101;141;179;-299;-120
21;30;70;60;232;12;-109;-74;28;126;69;132;183;326;-191;-108;162;71;42;63;117;196;-354;-192;173;17;52;108;141;173;-299;-137
19;43;68;57;225;22;-104;-81;46;113;74;138;176;322;-198;-107;158;77;38;65;125;180;-340;-178;166;17;64;112;139;165;-295;-151
12;55;64;53;224;31;-100;-89;55;108;83;143;166;318;-204;-105;151;83;34;68;131;155;-330;-162;154;23;72;113;137;164;-290;-158
7;64;63;55;227;35;-90;-99;57;108;92;144;151;318;-213;-102;140;88;30;71;135;131;-327;-146;138;34;76;109;135;161;-286;-162
3;71;68;60;229;35;-73;-104;60;110;94;140;138;323;-224;-102;135;91;30;79;133;117;-336;-129;119;54;76;103;131;149;-284;-160
1;77;76;64;228;32;-62;-104;64;113;95;133;128;326;-233;-106;136;88;36;91;129;109;-353;-119;101;75;66;94;128;139;-284;-153
3;80;83;68;230;33;-58;-97;61;123;94;130;121;328;-239;-110;142;83;44;95;126;105;-372;-119;90;87;55;87;126;137;-285;-142
7;80;90;74;230;33;-49;-87;49;138;91;131;116;329;-244;-115;150;76;48;92;121;107;-387;-127;90;94;51;84;121;139;-291;-132
10;87;93;76;226;32;-41;-76;41;151;86;132;112;333;-249;-115;157;71;48;91;110;119;-397;-143;99;93;48;87;121;134;-300;-126
9;96;95;69;219;33;-40;-63;40;158;85;138;111;332;-252;-116;159;71;52;90;99;134;-399;-160;111;86;46;93;125;130;-311;-125
12;106;91;65;214;39;-47;-55;39;159;85;146;110;323;-251;-113;159;73;55;84;96;144;-391;-175;126;76;48;105;131;132;-316;-131
16;112;88;67;213;49;-53;-54;39;158;85;149;107;312;-248;-110;158;79;50;74;94;145;-377;-182;136;66;59;115;132;131;-316;-140
16;121;89;68;212;55;-56;-60;46;157;87;153;106;305;-251;-108;153;83;43;68;94;140;-362;-183;137;57;73;123;129;128;-317;-149
13;134;88;60;208;61;-60;-65;58;152;92;160;102;300;-254;-101;141;88;39;69;99;128;-346;-178;136;51;86;126;128;126;-317;-156
16;140;83;59;201;70;-64;-72;65;148;98;165;96;292;-256;-94;129;93;40;68;104;110;-333;-166;133;54;97;131;127;123;-316;-162
